fgapg,fgpct,fgpg,ftapg,ftpct,ftpg,games,height,pfpg,ptspg,sospg,trbpg
1.8,.524,0.9,0.9,.182,0.2,12,,0.9,2.0,5.50,2.2
1.3,.457,0.6,1.5,.714,1.1,28,6-3,1.0,2.2,2.08,1.8
10.4,.431,4.5,3.4,.682,2.3,84,6-1,,11.3,4.53,4.3
0.9,.188,0.2,0.6,.909,0.6,18,6-4,0.4,0.9,-6.12,0.5
8.7,.490,4.3,2.4,.719,1.7,106,6-8,2.8,10.3,5.10,6.7
7.5,.371,2.8,1.4,.785,1.1,57,6-0,1.3,8.1,8.65,1.4
13.2,.405,5.3,2.7,.808,2.2,127,6-5,2.3,15.8,5.78,4.6
1.3,.500,0.7,0.0,,0.0,3,,1.0,1.3,3.72,1.0
11.2,.365,4.1,4.0,.825,3.3,77,,2.0,11.5,3.29,2.5
2.0,.500,1.0,0.0,,0.0,2,6-6,1.0,2.0,-6.61,0.0
4.3,.552,2.4,1.7,.576,1.0,69,6-10,2.3,5.8,-0.44,3.8
,,1.1,1.3,.621,0.8,23,,1.4,3.0,,
,,0.8,1.1,.609,0.7,21,6-1,1.6,2.2,,
1.5,.833,1.3,0.5,.500,0.3,4,6-8,0.3,2.8,0.39,2.3
3.8,.382,1.4,1.9,.454,0.8,64,6-6,1.3,3.7,0.49,2.8
5.8,.507,3.0,1.4,.550,0.8,80,6-10,2.8,6.7,-2.05,4.4
,,,,,,,,,,3.14,
12.5,.480,6.0,1.8,.739,1.3,51,6-6,3.1,13.4,-6.48,6.1
1.8,.317,0.6,0.2,.500,0.1,23,6-2,1.3,1.3,-1.75,1.0
0.2,.333,0.1,0.0,,0.0,15,6-5,0.2,0.1,-4.75,0.5
12.8,.359,4.6,3.4,.505,1.7,28,6-4,2.7,10.9,2.70,10.0
1.4,.324,0.5,0.7,.639,0.5,49,6-2,0.7,1.4,-5.81,1.1
1.1,.286,0.3,0.6,.579,0.4,31,,0.8,1.0,4.07,1.3
1.3,.571,0.8,0.6,.500,0.3,16,6-6,0.6,1.9,-4.41,0.9
1.4,.704,1.0,0.1,.000,0.0,19,6-11,0.6,2.0,1.19,1.4
3.8,.402,1.5,1.8,.682,1.2,116,6-2,1.7,4.7,2.09,2.5
10.7,.434,4.7,3.1,.671,2.1,27,6-6,3.4,11.4,1.85,7.1
7.5,.445,3.3,1.7,.689,1.2,98,6-4,2.0,7.8,1.00,2.6
0.0,,0.0,0.0,,0.0,1,6-6,1.0,0.0,0.11,0.0
7.0,.523,3.7,2.5,.731,1.8,74,6-5,,9.1,7.57,3.1
4.7,.423,2.0,2.7,.696,1.8,26,6-5,,5.8,-7.02,2.7
,,,,,,,,,,0.71,
6.1,.456,2.8,2.6,.677,1.7,98,6-8,2.9,7.3,-1.10,4.1
7.7,.479,3.7,3.2,.655,2.1,94,6-5,1.9,10.4,-1.18,4.3
4.3,.398,1.7,2.0,.670,1.3,58,5-11,,5.5,-6.65,2.2
1.5,.222,0.3,0.2,1.000,0.2,6,6-3,0.5,0.8,-4.07,1.0
0.0,,0.0,0.0,,0.0,1,6-7,0.0,0.0,-5.83,0.0
6.3,.476,3.0,2.6,.852,2.2,103,6-2,1.1,9.2,-2.22,2.0
2.7,.366,1.0,0.5,.647,0.3,37,6-3,1.4,2.6,-2.43,1.6
3.8,.418,1.6,2.0,.490,1.0,49,6-11,2.7,4.1,-6.96,3.7
3.4,.438,1.5,2.0,.734,1.5,47,6-7,2.0,4.8,7.76,3.4
4.7,.426,2.0,1.6,.600,1.0,69,6-4,1.5,5.1,-5.33,2.9
5.7,.528,3.0,3.5,.687,2.4,62,6-9,2.9,8.9,-3.41,8.3
6.5,.622,4.1,3.6,.651,2.3,122,6-5,2.4,10.5,0.96,4.1
3.6,.400,1.4,1.4,.600,0.9,7,,1.1,3.7,-7.50,1.7
8.4,.479,4.0,2.7,.757,2.0,125,6-7,2.5,10.8,-3.00,5.1
0.8,.250,0.2,0.4,.667,0.3,15,5-4,0.3,0.7,1.61,0.2
4.8,.399,1.9,2.5,.552,1.4,42,6-4,1.8,5.5,3.55,3.8
5.4,.349,1.9,1.3,.650,0.8,16,6-1,2.6,5.1,-1.58,2.1
1.3,.339,0.4,0.4,.500,0.2,46,6-7,1.3,1.1,-9.60,1.2
8.7,.386,3.4,2.3,.703,1.6,77,5-7,2.3,9.7,1.15,1.9
6.0,.601,3.6,1.8,.672,1.2,107,6-5,1.8,8.4,8.21,4.1
1.5,.490,0.8,0.9,.667,0.6,95,6-1,0.2,2.1,-6.99,0.9
11.4,.476,5.4,6.4,.718,4.6,118,6-1,3.5,15.4,4.42,3.6
9.1,.442,4.0,2.0,.779,1.5,144,6-5,2.1,11.4,9.21,5.9
0.9,.588,0.6,0.2,.333,0.1,18,6-8,1.1,1.2,-2.83,0.7
3.1,.170,0.5,1.0,.647,0.6,17,6-1,0.8,1.7,2.81,0.9
5.7,.508,2.9,2.0,.667,1.4,136,6-5,2.1,7.9,-1.25,5.2
4.0,.564,2.2,1.7,.502,0.9,131,6-8,2.1,5.4,-3.99,5.2
1.0,.400,0.4,0.2,.500,0.1,10,6-0,0.4,0.9,7.17,0.2
1.1,.441,0.5,0.4,.360,0.2,56,6-6,0.6,1.1,8.91,0.8
18.5,.515,9.5,3.8,.726,2.8,101,6-7,,21.8,-4.19,9.4
3.5,.371,1.3,1.1,.652,0.7,128,6-7,2.0,3.8,-2.52,2.6
1.0,.444,0.4,0.3,.400,0.1,18,,0.3,1.0,-7.46,0.2
0.6,.333,0.2,0.0,,0.0,5,6-0,,0.4,-6.55,0.0
,,0.7,,,0.5,6,,,1.8,-3.25,
4.5,.390,1.8,0.9,.621,0.5,34,6-2,1.2,4.1,-4.12,1.4
3.6,.373,1.3,0.5,.756,0.3,90,6-3,,3.7,4.90,0.7
0.6,.345,0.2,0.1,.750,0.1,51,6-4,0.4,0.6,8.06,0.3
5.5,.509,2.8,3.0,.652,1.9,60,6-7,2.8,7.5,-3.74,4.3
3.4,.335,1.1,1.0,.631,0.7,62,6-2,1.9,3.0,-2.98,0.8
2.9,.250,0.7,0.6,.750,0.4,7,,1.4,1.9,4.01,1.4
1.2,.400,0.5,0.3,.250,0.1,13,6-1,0.2,1.0,4.47,0.5
2.3,.333,0.8,0.5,.500,0.3,4,,0.3,1.8,2.54,
11.3,.294,3.3,3.5,.667,2.3,6,6-2,3.8,9.0,5.69,2.0
1.1,.532,0.6,0.6,.565,0.3,41,6-8,0.6,1.6,-4.70,1.0
4.1,.316,1.3,1.3,.639,0.8,57,6-1,1.6,3.8,-4.28,1.6
8.1,.390,3.1,1.3,.740,0.9,83,6-4,1.5,9.4,-4.70,1.8
0.7,.300,0.2,0.3,.750,0.2,15,6-2,1.0,0.7,1.35,0.2
2.0,.350,0.7,0.3,.571,0.2,92,6-9,1.5,1.8,-6.07,1.4
10.8,.490,5.3,4.3,.735,3.2,58,6-2,2.1,13.8,6.13,3.5
,,0.0,,,0.0,1,,,0.0,-2.91,2.0
1.0,.500,0.5,1.0,.500,0.5,2,6-8,,1.5,-1.84,0.5
1.6,.333,0.5,1.1,.643,0.7,13,5-10,0.5,2.0,-6.71,0.2
0.1,.000,0.0,0.0,,0.0,9,5-9,0.1,0.0,-2.95,0.0
18.0,.473,8.5,1.4,.675,0.9,59,6-6,2.5,18.0,2.99,8.0
0.8,.000,0.0,0.8,.500,0.4,5,6-1,0.2,0.4,-12.38,
0.5,.500,0.2,0.3,.571,0.2,26,6-1,0.2,0.7,9.21,0.3
3.8,.429,1.6,1.3,.471,0.6,13,,1.2,3.8,,3.7
4.3,.406,1.7,1.5,.605,0.9,103,6-5,2.1,4.6,4.24,3.7
1.0,.415,0.4,0.4,.529,0.2,40,6-7,1.0,1.4,7.07,1.1
12.5,.507,6.3,3.4,.752,2.5,74,6-0,2.2,15.2,-8.59,3.7
10.2,.391,4.0,1.8,.696,1.3,31,6-3,1.5,11.8,-1.34,2.3
5.0,.429,2.2,2.2,.833,1.8,99,6-2,0.9,6.9,0.67,1.6
0.4,.000,0.0,0.8,.500,0.4,5,6-1,0.0,0.4,-1.58,0.6
6.8,.520,3.5,3.7,.573,2.1,56,6-7,2.6,9.1,-1.98,6.7
0.5,.333,0.2,0.4,.875,0.4,19,,,0.8,1.52,0.4
3.3,.466,1.5,0.8,.563,0.5,40,6-10,1.6,3.5,-6.00,2.6
3.3,.383,1.3,0.7,1.000,0.7,32,6-0,0.8,3.3,2.06,
6.0,.167,1.0,1.3,.250,0.3,3,,1.0,2.3,3.61,
2.8,.428,1.2,1.2,.683,0.8,51,6-7,1.3,3.3,-0.40,2.7
1.3,.250,0.3,0.3,.000,0.0,6,,0.2,0.7,-1.00,0.7
13.2,.442,5.8,7.0,.793,5.6,72,6-5,3.2,17.2,6.79,10.0
15.2,.448,6.8,5.8,.651,3.8,72,6-5,3.8,17.4,6.79,10.0
2.6,.495,1.3,1.5,.661,1.0,75,6-6,2.0,3.6,-5.02,3.3
0.0,,0.0,2.0,.000,0.0,1,,,0.0,-6.81,0.0
0.7,.714,0.5,0.0,,0.0,10,6-6,0.1,1.0,5.08,0.6
2.1,.554,1.2,0.9,.424,0.4,71,6-7,0.9,2.7,4.77,3.0
10.4,.434,4.5,3.3,.639,2.1,66,,2.2,11.1,-6.09,6.4
6.7,.483,3.2,1.4,.731,1.0,75,6-3,2.2,7.4,-3.58,2.0
7.8,.419,3.3,3.5,.791,2.8,80,6-7,2.3,9.3,2.26,7.0
5.7,.406,2.3,1.0,.678,0.6,121,6-9,2.5,6.4,1.53,3.6
3.3,.398,1.3,1.0,.750,0.7,62,6-2,1.8,4.3,-3.41,2.0
0.7,.600,0.4,0.3,1.000,0.3,7,6-5,0.6,1.6,6.21,0.1
0.6,.000,0.0,0.3,.750,0.2,15,6-11,0.6,0.2,1.66,0.7
0.3,.500,0.1,0.7,.300,0.2,14,6-8,1.4,0.5,1.60,0.6
0.0,,0.0,0.0,,0.0,6,6-1,0.2,0.0,1.53,0.3
5.1,.296,1.5,1.3,.486,0.6,56,5-6,1.5,3.6,-1.70,2.6
0.7,.438,0.3,0.6,.615,0.3,23,,0.9,1.0,4.46,1.4
1.2,.143,0.2,0.7,.750,0.5,17,6-7,,1.0,-7.33,0.6
7.7,.399,3.1,1.7,.781,1.4,55,6-8,0.5,9.3,-7.33,3.3
1.2,.545,0.7,0.6,.688,0.4,27,6-7,1.4,1.7,-6.10,1.4
0.7,.286,0.2,0.0,,0.0,10,6-4,0.2,0.5,8.26,0.2
1.7,.273,0.5,0.7,.778,0.5,13,6-3,0.2,1.5,-0.62,
1.0,.667,0.7,0.7,.500,0.3,3,6-10,0.7,1.7,-8.85,1.0
1.0,.167,0.2,0.3,.500,0.2,6,6-8,1.0,0.5,-2.66,0.3
2.8,.393,1.1,0.4,.737,0.3,43,6-9,1.2,3.3,-4.71,1.4
5.1,.358,1.8,0.7,.516,0.4,84,6-7,1.6,5.0,-4.96,4.1
7.0,.557,3.9,3.1,.658,2.0,127,6-11,2.6,9.9,2.88,6.5
11.7,.322,3.8,2.8,.607,1.7,76,6-2,2.3,9.2,2.00,5.1
4.2,.497,2.1,1.8,.640,1.2,107,7-0,,5.4,0.58,4.0
1.3,.372,0.5,0.5,.588,0.3,33,6-9,0.6,1.3,10.53,1.0
3.7,.350,1.3,1.4,.649,0.9,27,7-0,2.6,3.5,-3.06,2.9
7.7,.526,4.0,3.3,.789,2.6,68,6-8,2.5,10.7,-5.57,5.3
4.0,.349,1.4,2.6,.652,1.7,27,5-10,1.6,4.5,5.00,2.7
,,2.2,4.5,.596,2.7,22,,2.7,7.1,,
1.5,.000,0.0,0.5,1.000,0.5,4,5-8,0.3,0.5,-3.02,0.0
8.7,.432,3.8,2.2,.682,1.5,104,6-11,,9.6,-5.98,4.9
5.8,.450,2.6,2.3,.689,1.6,91,6-2,0.8,6.8,-8.29,2.2
1.2,.429,0.5,0.5,.333,0.2,6,6-4,0.2,1.2,-1.58,1.7
2.5,.397,1.0,0.6,.571,0.3,23,6-6,0.7,3.0,-1.22,1.1
0.8,.525,0.4,0.7,.556,0.4,51,6-5,0.8,1.2,8.72,1.3
6.4,.476,3.0,3.4,.710,2.4,127,6-9,3.3,8.5,4.32,4.7
1.2,.238,0.3,0.0,,0.0,18,6-2,1.1,0.8,2.60,0.4
1.0,.448,0.5,0.4,.565,0.2,56,6-7,,1.2,0.00,1.2
4.3,.407,1.8,0.5,.690,0.3,120,6-3,1.1,5.1,5.51,1.3
4.9,.466,2.3,1.4,.708,1.0,48,6-5,2.5,5.5,-5.14,2.6
3.0,.491,1.5,1.8,.569,1.1,113,6-9,2.3,4.2,8.52,3.6
12.0,.447,5.4,4.0,.826,3.3,80,5-11,2.5,14.0,4.07,3.1
0.5,.000,0.0,0.9,.429,0.4,8,,0.5,0.4,-2.65,0.5
1.0,.000,0.0,0.0,,0.0,2,,0.0,0.0,-6.62,0.5
12.9,.409,5.3,3.4,.701,2.4,65,6-1,1.6,15.2,6.28,2.5
4.1,.506,2.1,1.9,.676,1.3,57,6-9,2.8,6.0,-3.02,4.9
0.9,1.421,1.2,0.5,1.750,1.0,44,6-1,0.4,3.4,0.84,1.3
1.4,.368,0.5,0.9,.308,0.3,14,6-9,1.6,1.3,-1.33,1.4
4.1,.282,1.2,2.3,.512,1.2,19,6-9,1.8,3.5,-2.75,3.2
2.5,.250,0.6,1.3,.353,0.5,13,,0.8,1.7,-4.95,2.2
1.5,.240,0.4,0.4,.167,0.1,17,,0.6,0.8,-7.46,1.5
2.8,.400,1.1,1.0,.667,0.7,23,,1.3,3.0,5.00,2.4
6.2,.394,2.4,2.0,.693,1.4,77,6-2,0.3,6.9,-9.17,1.6
2.5,.405,1.0,1.2,.722,0.9,15,6-5,0.9,2.9,0.27,3.1
0.7,.000,0.0,0.0,,0.0,3,6-4,0.3,0.0,2.07,0.3
6.6,.364,2.4,2.7,.689,1.9,61,,2.0,6.7,-3.39,3.3
0.7,.278,0.2,0.4,.300,0.1,25,,0.8,0.5,-0.14,0.7
5.3,.526,2.8,2.9,.660,1.9,18,6-3,2.4,7.5,,4.7
14.0,.522,7.3,5.3,.851,4.5,122,6-10,2.1,20.8,4.82,8.8
2.9,.494,1.4,0.8,.426,0.3,58,7-0,,3.2,-2.18,2.4
3.9,.430,1.7,0.8,.636,0.5,134,6-10,2.7,3.9,0.02,3.6
0.0,,0.0,0.0,,0.0,1,,0.0,0.0,-8.27,0.0
2.7,.447,1.2,1.6,.748,1.2,83,6-11,2.4,3.7,-1.17,2.2
0.7,.625,0.5,0.3,.833,0.2,22,7-4,0.5,1.1,7.14,1.1
7.1,.460,3.3,0.9,.944,0.8,21,6-3,0.7,7.4,-2.85,3.0
1.1,.500,0.6,0.1,.000,0.0,7,6-3,0.1,1.1,2.11,0.7
4.2,.391,1.7,0.8,.659,0.5,53,6-2,1.2,3.8,,1.7
7.2,.384,2.8,2.6,.797,2.1,69,6-5,1.7,7.6,-7.48,6.7
11.6,.408,4.7,2.7,.561,1.5,15,6-0,2.8,11.0,-2.99,1.8
2.2,.453,1.0,1.2,.676,0.8,29,6-11,1.8,2.8,2.68,2.8
3.0,.481,1.4,1.2,.353,0.4,71,6-10,1.5,3.3,-0.79,3.8
1.7,.448,0.8,0.7,.583,0.4,17,6-8,0.7,1.9,2.50,1.3
2.5,.381,1.0,0.5,.800,0.4,64,6-10,1.5,2.7,0.09,1.5
0.3,.000,0.0,0.0,,0.0,3,,0.0,0.0,-0.24,0.0
5.8,.503,2.9,2.6,.647,1.7,98,6-9,1.9,7.5,-0.21,4.1
7.1,.477,3.4,1.6,.655,1.1,52,6-9,2.5,7.9,5.62,4.0
,,0.9,,,1.1,11,,,2.9,,
4.5,.318,1.4,0.3,.833,0.3,19,6-6,1.0,4.2,4.24,1.7
0.0,,0.0,0.0,,0.0,2,5-11,0.0,0.0,3.18,0.0
0.6,.400,0.3,0.9,.704,0.6,31,6-0,0.5,1.1,-2.72,0.3
3.8,.438,1.6,0.7,.500,0.4,17,6-2,1.4,3.6,-11.07,2.9
6.2,.505,3.1,3.8,.676,2.6,111,6-11,2.3,8.8,3.82,5.5
0.8,.403,0.3,0.4,.700,0.3,79,6-2,1.2,1.1,-3.33,0.7
5.8,.388,2.2,1.6,.568,0.9,58,6-8,1.9,5.4,-0.20,9.0
0.4,1.000,0.4,0.0,,0.0,5,6-11,0.8,0.8,-4.80,1.2
0.0,,0.0,0.0,,0.0,2,6-10,1.0,0.0,-3.50,0.0
4.4,.530,2.3,2.1,.548,1.2,108,6-9,2.8,5.8,6.77,3.7
5.6,.418,2.3,1.2,.609,0.7,59,,2.4,5.4,0.98,4.3
1.6,.460,0.7,1.2,.702,0.8,40,6-6,0.9,2.3,2.68,2.0
4.0,.528,2.1,2.2,.571,1.3,96,6-9,0.4,5.4,-5.05,3.0
4.9,.589,2.9,4.0,.566,2.2,120,7-2,2.6,8.0,-0.59,4.6
2.0,.278,0.6,0.4,.875,0.4,18,,1.7,1.5,-2.77,1.9
1.2,.385,0.5,0.4,.588,0.2,44,6-10,1.0,1.2,0.22,1.5
1.0,.000,0.0,2.0,.500,1.0,1,6-3,0.0,1.0,,2.0
2.5,.382,1.0,1.2,.740,0.9,104,6-8,2.4,3.2,-9.20,3.1
4.7,.458,2.2,2.9,.548,1.6,94,6-9,2.7,5.9,-2.56,3.8
5.9,.436,2.6,1.8,.835,1.5,115,6-2,1.3,8.1,-1.92,2.5
5.1,.333,1.7,2.1,.730,1.5,61,5-10,1.4,4.9,-3.81,2.5
1.2,.261,0.3,0.8,.750,0.6,19,6-2,0.8,1.4,-3.80,0.8
8.1,.415,3.4,2.6,.739,1.9,126,6-6,2.8,10.6,-1.70,3.6
0.5,.267,0.1,0.4,.483,0.2,82,7-0,0.9,0.5,-3.33,1.0
3.9,.468,1.8,0.9,.762,0.7,24,6-1,1.3,5.4,-7.68,0.8
6.1,.459,2.8,1.9,.811,1.5,117,6-10,2.2,7.9,0.26,3.2
3.3,.443,1.5,1.4,.691,1.0,115,6-7,1.6,4.2,1.30,3.0
2.4,.413,1.0,1.2,.670,0.8,78,6-6,0.9,2.8,-10.04,2.6
0.6,.500,0.3,0.0,,0.0,7,,0.0,0.6,2.80,0.3
3.3,.516,1.7,1.0,.505,0.5,103,6-11,2.4,3.9,3.32,3.1
2.8,.486,1.4,1.9,.540,1.0,111,6-7,2.4,3.8,2.03,4.9
3.7,.552,2.0,1.5,.565,0.8,122,6-10,2.7,4.9,1.99,2.9
1.4,.657,0.9,0.6,.500,0.3,126,6-9,1.5,2.2,7.83,3.7
1.4,.650,0.9,0.8,.455,0.4,14,6-7,1.1,2.2,-2.33,1.6
5.1,.356,1.8,1.0,.562,0.6,70,6-4,0.4,5.0,-7.25,2.2
0.5,.158,0.1,0.1,.667,0.1,36,6-10,0.1,0.2,9.26,0.3
1.2,.286,0.3,0.6,.429,0.3,12,6-4,0.5,0.9,,1.0
1.4,.382,0.5,0.4,.438,0.2,39,6-10,0.6,1.3,2.84,1.4
4.3,.891,3.9,0.9,1.898,1.8,53,6-1,0.7,9.7,-5.24,
2.1,.279,0.6,0.3,.700,0.2,32,6-6,0.8,1.5,-7.59,2.1
6.7,.457,3.1,1.1,.686,0.8,62,7-0,1.4,8.0,5.27,5.2
1.2,.833,1.0,0.8,.750,0.6,5,6-11,1.2,2.6,-0.96,1.6
2.0,.250,0.5,0.0,,0.0,2,6-2,1.0,1.0,2.04,1.0
6.4,.463,3.0,2.4,.500,1.2,25,6-7,2.4,7.1,2.10,6.4
8.3,.400,3.3,2.2,.776,1.7,74,6-0,2.2,8.3,2.77,3.2
2.8,.200,0.6,1.8,.771,1.4,20,6-5,1.3,2.5,-2.06,2.1
1.2,.290,0.3,0.6,.484,0.3,53,6-0,0.8,1.2,-4.04,1.0
2.0,.389,0.8,0.7,.639,0.4,87,6-3,1.5,2.3,0.30,1.9
1.1,.444,0.5,0.1,1.000,0.1,8,6-2,0.3,1.1,0.77,0.4
8.8,.376,3.3,2.1,.570,1.2,52,6-4,1.0,8.9,-7.03,4.6
10.3,.391,4.0,2.4,.767,1.8,105,6-6,2.1,11.4,-6.65,4.7
5.9,.608,3.6,4.6,.687,3.2,99,6-8,2.7,10.4,0.19,4.3
,.333,,,.143,,,,,,6.96,
0.5,.387,0.2,0.3,.400,0.1,60,6-6,0.4,0.6,-3.83,0.4
7.2,.396,2.8,2.4,.671,1.6,87,6-4,2.2,7.3,1.52,5.3
3.8,.545,2.1,2.2,.395,0.9,104,6-10,2.6,5.0,5.58,3.8
0.7,.600,0.4,0.6,.750,0.4,7,6-0,0.3,1.3,8.01,0.4
5.4,.482,2.6,2.6,.647,1.7,103,7-1,2.6,6.9,-0.25,4.8
0.0,,0.0,0.0,,0.0,3,6-9,0.3,0.0,-2.41,0.7
8.4,.264,2.2,0.6,.677,0.4,52,6-3,1.2,4.9,3.59,1.5
3.7,.436,1.6,1.4,.816,1.2,98,6-2,1.8,5.5,2.21,2.2
,,0.5,0.0,,0.0,2,,1.5,1.0,-14.93,
3.8,1.341,5.0,7.2,.602,4.3,57,6-0,2.4,14.4,-1.34,
2.4,.377,0.9,1.1,.528,0.6,47,6-10,1.9,2.4,4.89,2.0
4.1,.449,1.8,1.7,.745,1.3,112,6-6,1.8,5.1,-1.07,3.1
2.3,.429,1.0,1.2,.429,0.5,6,6-7,0.7,2.5,8.92,1.0
3.9,.539,2.1,3.2,.500,1.6,116,6-8,2.3,5.8,-0.64,4.4
9.2,.378,3.5,4.4,.608,2.7,124,6-7,2.0,10.5,-10.03,6.5
0.7,.417,0.3,0.1,.000,0.0,17,5-10,0.9,0.6,-0.50,0.3
5.7,.569,3.3,2.4,.636,1.5,115,6-7,,8.1,-3.97,5.8
2.2,.411,0.9,1.6,.469,0.7,41,6-6,1.2,2.5,5.52,2.4
18.2,.448,8.1,5.0,.751,3.8,48,6-2,3.1,20.1,1.47,4.5
1.7,.462,0.8,1.1,.394,0.4,30,6-8,1.1,2.0,2.44,1.4
0.8,.778,0.6,0.3,.667,0.2,12,6-2,0.3,1.4,-8.26,0.3
2.0,.406,0.8,0.5,.688,0.3,32,6-0,0.6,2.0,-2.08,0.9
0.7,.286,0.2,0.7,.571,0.4,10,6-9,1.0,0.8,0.59,0.5
1.0,.000,0.0,0.3,.000,0.0,3,6-5,0.3,0.0,-11.33,0.7
9.5,.338,3.2,4.5,.549,2.5,59,6-3,2.4,8.9,4.08,5.3
0.0,,0.0,0.0,,0.0,2,5-11,0.5,0.0,-4.97,0.0
0.0,,0.0,0.0,,0.0,2,6-2,0.0,0.0,7.42,0.0
1.3,.229,0.3,0.6,.500,0.3,27,6-7,0.6,0.9,0.45,1.5
0.1,.000,0.0,0.3,1.000,0.3,8,6-5,0.1,0.3,2.51,0.3
2.3,.335,0.8,0.9,.803,0.7,82,6-2,0.4,2.6,-1.61,0.8
5.2,.531,2.8,3.3,.696,2.3,125,6-11,2.7,7.9,2.57,4.6
8.1,.493,4.0,4.0,.664,2.6,112,6-8,2.5,10.9,0.71,4.7
2.7,.367,1.0,1.1,.708,0.8,67,6-7,1.7,3.0,3.92,2.2
3.1,.449,1.4,1.4,.636,0.9,75,6-8,2.0,3.7,-4.43,2.4
8.4,.468,3.9,4.1,.770,3.1,65,6-7,2.0,11.0,-8.06,4.8
5.4,.510,2.8,1.8,.626,1.1,56,6-5,1.4,6.6,,4.5
2.1,.387,0.8,0.9,.615,0.5,15,6-10,1.2,2.2,-3.43,2.3
1.6,.611,1.0,0.4,.500,0.2,108,7-1,1.9,2.2,7.10,2.5
5.8,.540,3.1,2.8,.748,2.1,76,6-7,1.3,8.4,4.02,6.1
1.6,.400,0.6,0.3,.375,0.1,32,6-5,1.1,1.8,-4.01,1.5
2.9,.474,1.4,1.5,.564,0.9,107,6-9,1.8,3.6,-0.61,3.3
11.7,.661,7.7,4.7,1.080,5.1,24,6-4,7.7,20.5,,
0.3,.200,0.1,0.3,.700,0.2,32,6-4,0.5,0.3,6.57,0.6
0.8,.517,0.4,0.4,.375,0.2,36,7-0,0.4,1.0,8.82,0.6
12.3,.451,5.5,5.3,.750,4.0,57,,1.3,15.4,-5.05,2.9
5.2,.410,2.1,2.4,.691,1.6,111,6-9,2.9,6.4,-4.07,4.8
0.5,.333,0.2,0.5,.833,0.4,12,7-0,0.4,0.8,3.54,0.8
5.3,.471,2.5,3.0,.587,1.7,93,6-10,2.3,6.7,8.78,5.5
4.7,.395,1.8,2.6,.574,1.5,44,,1.5,5.2,6.60,3.6
10.0,.451,4.5,2.6,.659,1.7,98,6-8,2.3,12.4,0.66,6.1
6.3,.536,3.4,2.8,.798,2.2,115,6-5,2.0,9.1,-1.27,2.9
2.6,.531,1.4,1.9,.620,1.2,118,6-10,2.1,4.0,-5.73,3.5
5.6,.502,2.8,1.5,.789,1.2,112,6-8,1.3,7.3,-2.92,3.3
1.4,.440,0.6,0.5,.538,0.3,55,6-9,0.9,1.5,-0.90,1.3
3.4,.402,1.4,1.9,.619,1.1,61,6-4,1.5,3.9,2.31,2.9
2.5,.459,1.1,0.4,.500,0.2,30,6-4,1.0,2.9,-1.40,1.4
5.8,.464,2.7,1.1,.671,0.7,70,6-11,2.2,7.6,6.20,4.0
4.9,.426,2.1,2.7,.632,1.7,14,6-9,2.6,5.9,10.73,7.9
3.0,.329,1.0,1.1,.517,0.6,27,6-2,,2.6,-5.26,0.7
2.1,.368,0.8,1.1,.600,0.7,9,6-8,1.2,2.2,-0.26,2.4
2.1,.426,0.9,0.8,.500,0.4,29,6-6,1.1,2.2,-4.52,1.8
6.5,.464,3.0,3.1,.721,2.2,89,6-10,3.1,8.3,1.52,4.2
2.9,.322,0.9,0.9,.679,0.6,62,,1.1,2.4,-1.65,1.2
9.6,.485,4.7,2.5,.711,1.8,108,6-1,2.0,11.1,-1.18,3.7
7.3,.368,2.7,2.6,.608,1.6,37,6-1,0.2,7.4,-5.49,3.4
6.0,.250,1.5,1.0,1.000,1.0,2,,,4.0,-6.39,1.0
1.0,.500,0.5,0.6,.583,0.4,20,6-0,0.4,1.4,6.06,0.6
2.8,.377,1.0,0.8,.750,0.6,25,6-6,1.1,2.7,6.90,2.4
,,4.0,6.1,.581,3.5,65,6-5,3.1,11.4,3.42,
3.1,.360,1.1,1.4,.682,0.9,16,6-7,1.7,3.2,5.76,2.9
11.8,.477,5.7,4.8,.766,3.7,26,6-6,3.8,15.0,-6.76,7.1
6.5,.423,2.8,2.0,.645,1.3,125,7-0,2.4,6.8,0.87,6.0
0.0,,0.0,0.0,,0.0,4,6-1,0.0,0.0,9.45,0.0
2.5,.240,0.6,1.6,.438,0.7,10,6-8,2.1,1.9,8.37,
1.8,.535,1.0,0.6,.709,0.4,87,6-11,1.5,2.5,2.31,2.2
8.9,.350,3.1,2.5,.653,1.6,20,6-4,2.5,7.8,-5.32,7.9
3.0,.519,1.5,1.3,.630,0.8,35,6-10,1.9,3.9,6.39,2.6
2.9,.274,0.8,1.9,.521,1.0,25,6-8,1.6,2.6,-3.23,2.0
1.0,.000,0.0,0.0,,0.0,1,,0.0,0.0,7.91,0.0
6.0,.405,2.4,1.3,.693,0.9,57,6-1,1.6,5.8,5.48,2.0
8.6,.416,3.6,2.4,.659,1.6,58,6-5,1.9,8.7,1.69,4.7
5.4,.487,2.6,4.0,.564,2.3,29,,1.0,7.5,-8.72,3.8
1.9,.309,0.6,0.6,.607,0.3,50,6-11,1.1,1.5,-3.18,1.5
1.5,.368,0.6,1.1,.540,0.6,76,6-7,,1.8,2.36,2.4
2.4,.441,1.1,1.4,.705,1.0,81,6-7,0.7,3.2,-10.79,1.2
5.8,.363,2.1,1.5,.625,0.9,27,6-5,,5.1,-4.42,4.1
,,7.5,7.8,.705,5.5,38,,3.5,20.6,,
10.3,.421,4.3,2.9,.671,1.9,76,6-4,2.8,10.6,-5.02,6.4
8.3,.570,4.7,3.5,.776,2.7,113,6-8,1.3,12.2,5.29,5.0
3.3,.494,1.6,1.3,.681,0.9,52,6-8,1.0,4.3,-7.62,3.0
4.1,.391,1.6,2.2,.567,1.2,100,6-3,,4.5,-6.07,2.3
14.4,.574,8.2,5.5,.733,4.0,91,6-10,3.4,20.6,10.00,10.6
5.3,.448,2.4,1.6,.790,1.3,38,,,6.1,-10.07,3.4
0.0,,0.0,0.0,,0.0,3,6-1,0.0,0.0,0.05,0.0
0.6,.222,0.1,0.4,.500,0.2,30,6-2,0.3,0.5,2.65,0.3
5.7,.418,2.4,1.4,.767,1.1,113,6-1,2.1,6.5,-1.75,2.3
4.2,.405,1.7,1.2,.759,0.9,69,6-7,,4.3,-7.01,2.0
0.1,1.000,0.1,0.1,1.000,0.1,10,6-6,0.0,0.3,7.70,0.2
3.7,.627,2.3,2.8,.658,1.8,85,6-9,1.8,6.4,-1.49,3.9
0.7,.000,0.0,0.3,.500,0.2,13,6-0,0.2,0.2,-2.47,0.2
0.8,.600,0.5,0.3,.000,0.0,18,7-0,0.6,1.0,-3.77,1.3
0.1,.000,0.0,0.0,,0.0,10,6-2,0.2,0.0,12.23,0.1
6.7,.479,3.2,2.5,.707,1.8,56,6-4,2.9,8.2,-1.32,5.1
10.5,.560,5.9,5.6,.749,4.2,113,6-10,,16.0,0.60,9.6
0.8,.325,0.3,0.5,.760,0.4,49,6-3,0.7,0.9,8.69,0.5
7.9,.345,2.7,2.3,.693,1.6,39,,1.4,7.0,-14.85,3.2
1.7,.273,0.5,0.4,.929,0.4,33,6-5,0.4,1.5,7.59,0.8
0.5,.444,0.2,0.4,.571,0.2,20,7-1,0.4,0.6,1.06,0.7
0.5,.200,0.1,0.2,.000,,10,6-6,,0.2,6.42,0.3
10.1,.462,4.7,2.7,.593,1.6,74,6-7,3.7,10.9,-7.08,6.5
4.0,.406,1.6,1.3,.681,0.9,106,6-2,,4.5,2.02,1.7
4.0,.349,1.4,0.4,.641,0.3,94,6-4,1.4,4.0,7.60,1.4
6.5,.580,3.8,2.9,.631,1.8,116,6-10,2.8,9.3,3.21,4.7
3.8,.390,1.5,1.5,.690,1.1,46,6-2,1.9,4.1,3.13,1.6
16.8,.411,6.9,6.8,.736,5.0,75,6-1,3.4,18.8,-1.19,10.3
15.2,.398,6.0,4.5,.770,3.5,25,6-5,,17.8,-12.07,6.6
1.0,.333,0.3,0.0,,0.0,3,,0.3,0.7,-0.03,0.0
10.2,.365,3.7,5.6,.723,4.0,46,6-2,3.1,11.5,-1.20,3.6
8.6,.465,4.0,3.5,.709,2.5,58,6-4,2.8,11.6,9.40,4.9
2.8,.471,1.3,1.6,.690,1.1,18,6-2,0.4,3.8,-1.61,1.2
8.8,.404,3.6,1.9,.801,1.5,99,6-1,2.2,10.3,-6.15,2.4
4.5,.360,1.6,1.3,.643,0.8,11,6-3,2.9,4.1,1.66,5.0
13.7,.489,6.7,3.2,.793,2.5,109,,2.6,15.9,0.68,3.1
6.6,.347,2.3,2.5,.646,1.6,38,,2.4,6.2,2.35,6.2
8.5,.427,3.6,2.9,.782,2.2,106,6-6,2.3,10.4,0.72,3.5
0.6,.125,0.1,0.5,.571,0.3,14,6-1,0.0,0.4,11.27,0.3
2.6,.484,1.3,0.4,.800,0.3,12,,1.5,2.8,-0.34,0.8
5.2,.531,2.8,4.4,.694,3.0,50,6-4,3.4,8.6,2.76,6.5
6.8,.463,3.2,2.9,.757,2.2,130,6-3,1.8,9.6,-4.52,4.4
9.7,.510,4.9,4.2,.598,2.5,113,7-1,2.5,12.4,1.29,7.8
0.5,.222,0.1,0.3,.500,0.2,20,7-0,0.2,0.4,-4.49,0.2
5.6,.460,2.6,0.9,.806,0.7,68,7-3,1.2,6.6,4.32,3.6
5.7,.402,2.3,2.5,.624,1.6,53,6-8,3.4,6.1,2.91,4.9
2.1,.621,1.3,1.8,.436,0.8,31,,3.2,3.4,5.49,2.3
16.8,.377,6.3,8.0,.521,4.1,27,,2.4,16.8,0.89,8.9
1.6,.413,0.7,0.7,.750,0.5,28,6-1,0.9,2.4,-0.60,0.6
2.7,.531,1.4,1.1,.719,0.8,30,6-6,1.2,3.7,-5.10,2.2
9.8,.428,4.2,5.3,.730,3.8,112,6-5,3.3,13.2,3.84,5.6
2.2,.356,0.8,0.9,.621,0.5,33,6-0,0.7,2.1,-5.96,1.3
0.1,.333,0.0,0.2,.500,0.1,22,7-0,0.1,0.2,1.37,0.4
1.4,.143,0.2,0.7,.571,0.4,10,6-10,0.4,0.9,3.88,1.0
7.7,.426,3.3,3.3,.805,2.6,141,6-0,1.5,10.2,3.94,3.3
4.7,.444,2.1,1.5,.531,0.8,21,6-6,2.6,6.0,0.24,3.7
3.2,.397,1.3,1.3,.714,0.9,138,6-0,1.4,4.0,3.70,2.0
0.5,1.000,0.5,0.0,,0.0,2,6-5,0.0,1.5,4.76,0.0
7.2,.354,2.5,2.3,.711,1.6,33,5-10,1.8,6.7,4.57,1.7
5.0,.513,2.6,2.3,.515,1.2,56,6-11,3.0,6.3,7.77,4.2
0.0,,0.0,0.0,,0.0,3,5-10,0.3,0.0,-7.51,0.3
7.3,.486,3.5,4.3,.667,2.8,48,6-6,2.8,10.1,6.22,6.3
1.0,.200,0.2,0.0,,0.0,5,5-10,0.0,0.6,2.65,0.0
0.7,.516,0.3,0.8,.658,0.5,47,6-8,1.2,1.2,0.35,1.1
8.8,.459,4.0,3.2,.672,2.1,63,6-6,3.0,10.5,9.01,4.9
3.2,.452,1.5,1.8,.597,1.1,42,6-8,1.3,4.0,-4.39,2.6
1.3,.722,0.9,0.1,.000,0.0,14,,0.4,1.9,6.42,0.3
2.8,.472,1.3,0.5,.778,0.4,77,6-0,1.1,3.0,-2.80,1.2
1.1,.348,0.4,0.7,.528,0.4,80,6-11,0.9,1.1,6.91,1.7
2.2,.300,0.7,0.0,,0.0,9,6-0,0.3,1.6,6.73,0.8
0.7,.167,0.1,0.4,.500,0.2,9,6-5,0.2,0.4,3.23,0.4
5.7,.504,2.9,2.5,.581,1.4,130,6-10,1.6,7.2,9.63,4.4
5.1,.321,1.6,0.7,.933,0.6,22,6-5,1.0,4.8,-8.17,1.6
1.6,.375,0.6,0.4,.500,0.2,60,6-7,0.9,1.7,-6.33,1.3
2.3,.333,0.8,0.4,.867,0.4,37,6-6,0.5,1.9,-7.75,1.4
6.9,.386,2.6,1.9,.850,1.7,99,6-3,1.5,8.7,-2.38,2.2
2.8,.397,1.1,1.0,.571,0.6,28,5-10,1.2,2.9,-4.72,1.5
1.0,.667,0.7,0.7,.500,0.3,3,6-0,1.3,1.7,-2.11,0.3
0.5,.480,0.2,0.6,.290,0.2,51,6-4,0.7,0.6,5.74,1.4
2.4,.260,0.6,1.4,.700,1.0,21,6-4,2.7,2.2,3.91,1.7
,,6.7,,,4.3,18,6-10,,17.7,-7.59,
6.6,.589,3.9,3.6,.595,2.2,141,6-9,2.4,10.0,5.47,7.8
12.5,.505,6.3,4.5,.717,3.2,114,6-6,2.7,16.8,-2.14,7.2
2.3,.519,1.2,1.4,.563,0.8,35,,2.3,3.2,-0.65,
12.3,.441,5.4,3.6,.655,2.3,66,6-2,2.5,13.2,-5.65,6.0
1.0,.400,0.4,0.4,.000,0.0,5,6-5,1.0,0.8,1.16,0.4
6.0,.528,3.2,1.6,.667,1.1,106,6-6,1.7,7.4,3.52,3.7
1.2,.448,0.5,0.6,.214,0.1,24,6-9,,1.2,-3.65,1.8
1.7,.400,0.7,0.0,,0.0,9,6-3,0.1,1.8,3.74,0.3
2.1,.363,0.8,1.2,.753,0.9,60,6-1,1.5,2.4,5.42,0.7
7.1,.426,3.0,2.9,.736,2.1,132,6-7,2.0,8.9,-2.96,4.2
0.5,.250,0.1,0.0,,0.0,16,,0.4,0.3,-10.52,0.6
2.5,.389,1.0,0.6,.657,0.4,113,6-7,1.5,2.6,5.03,2.3
0.3,.000,0.0,0.0,,0.0,3,6-0,0.0,0.0,-2.43,0.0
3.4,.389,1.3,1.4,.727,1.0,16,6-5,1.3,3.6,2.60,4.4
2.0,.306,0.6,0.4,.333,0.1,42,,0.6,1.4,0.34,
1.2,.167,0.2,0.2,.000,0.0,5,,0.0,0.4,3.64,0.4
4.4,.208,0.9,2.2,.542,1.2,11,6-2,2.2,3.0,-5.32,2.5
1.2,.667,0.8,0.1,.000,0.0,10,,1.3,1.6,-3.06,1.5
9.3,.465,4.3,1.7,.647,1.1,103,6-4,1.3,9.7,-2.10,2.8
2.6,.399,1.0,1.3,.614,0.8,56,6-8,1.4,3.3,-0.67,1.8
3.7,.469,1.7,0.9,.598,0.5,112,6-5,1.8,4.3,-3.89,3.1
7.8,.366,2.8,1.9,.750,1.4,56,6-3,0.5,8.8,1.00,2.4
0.3,.500,0.1,0.0,,0.0,7,,0.0,0.3,-3.86,0.0
8.3,.406,3.4,1.2,.882,1.1,128,6-3,1.3,9.9,8.47,3.1
2.9,.457,1.3,0.7,.524,0.3,32,6-9,1.4,3.1,5.51,2.1
2.9,.324,0.9,1.1,.700,0.8,37,,0.3,2.6,-6.44,1.6
8.2,.500,4.1,3.7,.692,2.5,72,,2.2,10.7,,2.4
0.0,,0.0,0.0,,0.0,1,6-10,0.0,0.0,5.64,0.0
2.6,.500,1.3,1.3,.534,0.7,55,6-3,1.9,3.3,-5.93,3.0
3.0,.413,1.2,0.8,.524,0.4,27,6-9,3.3,2.9,,3.4
4.9,.370,1.8,1.3,.757,1.0,52,6-3,1.4,5.5,3.05,1.3
13.0,.425,5.5,3.9,.828,3.2,136,6-6,2.2,16.0,7.95,4.8
0.3,.500,0.1,0.6,.500,0.3,14,6-1,0.5,0.7,-1.14,0.6
0.5,.500,0.3,0.5,.000,0.0,4,6-2,0.0,0.5,3.95,0.5
1.8,.435,0.8,1.3,.460,0.6,39,6-0,1.7,2.1,3.77,1.3
0.5,1.000,0.5,0.0,,0.0,2,6-2,0.0,1.0,0.39,0.0
4.2,.400,1.7,1.5,.556,0.8,12,,2.1,4.2,-8.83,4.2
0.3,.500,0.2,0.2,.000,0.0,6,,0.2,0.3,3.11,0.3
10.8,.444,4.8,2.6,.791,2.1,133,6-6,2.2,13.7,6.59,4.4
,,,,,,,,,,0.71,
6.7,.514,3.5,1.9,.691,1.3,64,6-8,2.8,8.2,-1.13,5.0
2.7,.373,1.0,1.2,.489,0.6,38,6-1,1.2,2.9,2.10,1.4
5.1,.384,2.0,1.2,.793,0.9,102,5-8,1.5,5.6,-5.38,1.4
1.0,.000,0.0,0.0,,0.0,1,6-2,,0.0,4.59,2.0
6.6,.475,3.1,1.5,.720,1.1,63,6-6,1.4,8.4,8.95,3.2
0.9,.375,0.3,0.8,.714,0.6,9,5-10,0.6,1.2,-1.49,0.4
0.7,.000,0.0,0.2,1.000,0.2,12,6-7,0.4,0.2,-11.49,1.0
0.8,.620,0.5,0.2,.786,0.2,65,6-6,1.1,1.1,-1.64,1.2
8.0,.438,3.5,2.1,.853,1.8,137,6-5,2.0,10.2,8.29,3.0
3.2,.284,0.9,0.5,.500,0.2,21,6-3,2.1,2.0,-3.80,5.2
6.9,.484,3.4,4.8,.682,3.2,129,6-7,2.8,10.4,-0.07,4.5
4.9,.415,2.0,1.7,.676,1.2,40,6-4,1.8,5.2,3.07,1.5
7.9,.444,3.5,4.7,.587,2.7,58,6-7,2.3,10.5,-6.84,6.5
1.0,.000,0.0,0.0,,0.0,2,5-10,0.0,0.0,-4.81,0.0
0.6,.375,0.2,0.2,.500,0.1,13,,,0.5,-4.34,0.3
9.2,.474,4.4,6.5,.725,4.7,88,6-5,2.5,13.5,-4.06,6.2
6.9,.463,3.2,3.0,.689,2.1,105,6-2,0.3,8.5,-2.59,2.5
3.3,.445,1.5,1.2,.761,0.9,111,6-8,,4.1,9.61,2.1
0.8,.688,0.5,0.8,.688,0.5,21,6-5,0.8,1.6,2.03,1.0
3.3,.335,1.1,0.4,.478,0.2,52,6-2,0.8,3.0,-8.55,1.0
13.3,.474,6.3,5.8,.707,4.1,120,6-4,1.8,16.8,2.56,7.7
,,,,,,,,,,-2.45,
1.6,.417,0.7,0.5,.636,0.3,22,6-9,1.7,1.7,-4.09,1.7
0.6,.313,0.2,0.2,1.000,0.2,29,5-11,0.0,0.7,-4.67,0.4
8.3,.415,3.5,2.1,.731,1.5,126,6-3,1.8,9.8,-1.40,3.7
2.3,.271,0.6,1.2,.750,0.9,31,6-4,1.2,2.1,-3.65,1.9
6.5,.403,2.6,1.7,.718,1.2,62,6-4,1.9,7.8,-4.24,3.5
0.3,.000,0.0,0.0,,0.0,7,6-8,0.1,0.0,-4.59,0.1
1.4,.488,0.7,0.4,.462,0.2,30,6-8,1.0,1.5,3.34,1.4
4.1,.373,1.5,0.8,.722,0.6,43,,1.5,3.7,6.53,2.6
10.1,.454,4.6,2.7,.568,1.5,30,6-3,2.4,10.7,-3.51,6.8
11.0,.423,4.6,2.2,.624,1.4,71,6-2,2.3,10.7,-8.56,3.2
5.3,.435,2.3,1.9,.711,1.3,93,5-11,2.3,6.0,4.86,1.7
0.4,.250,0.1,0.1,.000,0.0,9,6-0,0.6,0.2,6.87,0.3
14.0,.429,6.0,4.5,.805,3.6,47,5-9,3.0,15.6,-5.27,3.4
3.1,.364,1.1,0.3,.545,0.2,39,6-2,,3.5,-2.52,0.8
4.8,.269,1.3,2.4,.455,1.1,14,6-2,2.8,3.6,8.21,
6.2,.388,2.4,1.9,.707,1.3,44,,2.1,6.1,-2.39,6.4
2.6,.339,0.9,0.6,.679,0.4,47,6-4,1.0,2.3,-6.73,1.8
11.1,.486,5.4,4.3,.749,3.2,92,6-9,3.0,14.2,7.50,9.8
16.2,.530,8.6,3.0,.671,2.0,27,7-0,3.0,19.2,-3.52,14.3
8.5,.438,3.7,3.9,.826,3.2,62,,2.3,10.5,-2.59,6.0
11.9,.395,4.7,3.5,.796,2.8,129,6-1,2.6,14.6,7.67,3.5
8.7,.465,4.0,3.7,.705,2.6,123,6-5,2.3,11.6,-3.01,5.5
5.3,.460,2.4,2.3,.789,1.8,108,5-11,1.3,6.7,5.46,1.5
4.6,.681,3.2,1.9,.849,1.6,50,,1.8,7.9,-10.19,
,,3.3,3.5,.598,2.1,25,,2.6,8.7,,
0.0,,0.0,0.0,,0.0,4,6-10,0.3,0.0,2.03,0.0
2.6,.609,1.6,1.5,.608,0.9,111,6-6,,4.1,2.10,2.7
14.7,.425,6.2,3.5,.773,2.7,66,6-3,2.9,15.2,5.80,8.1
24.3,.381,9.3,4.8,.711,3.4,47,5-11,2.2,21.9,-0.28,
6.6,.459,3.0,3.7,.708,2.7,126,6-1,2.2,9.6,8.45,3.0
4.1,.485,2.0,1.7,.599,1.0,87,6-4,1.9,5.0,-12.98,2.7
0.0,,0.0,0.2,.000,0.0,5,6-5,,0.0,-10.90,0.2
8.4,.422,3.6,3.4,.589,2.0,45,6-8,2.3,9.1,0.65,7.9
0.7,.300,0.2,0.3,.250,0.1,15,6-4,0.5,0.5,-3.31,0.3
3.8,.525,2.0,1.7,.633,1.1,126,6-9,2.2,5.1,9.06,3.6
10.1,.446,4.5,5.2,.794,4.1,123,6-3,2.6,14.4,-1.31,4.2
5.2,.387,2.0,1.9,.838,1.6,92,5-9,1.5,6.8,-4.70,1.4
2.0,.378,0.8,0.7,.521,0.3,73,6-1,1.1,2.0,4.13,1.2
3.2,.448,1.4,0.6,.438,0.3,27,6-1,1.3,3.1,-4.75,1.0
13.4,.383,5.1,2.7,.707,1.9,30,6-1,2.2,12.2,,3.3
5.1,.420,2.1,2.2,.754,1.6,28,6-4,2.0,6.6,-1.73,3.1
14.3,.439,6.3,4.3,.694,3.0,23,6-6,2.3,17.8,3.38,4.8
1.7,.451,0.8,1.3,.634,0.8,71,6-0,1.5,2.4,-2.71,0.8
1.0,.000,0.0,0.0,,0.0,2,5-11,0.5,0.0,-4.74,0.5
1.3,.600,0.8,0.5,.500,0.3,4,,1.3,2.3,-2.16,0.3
1.9,.416,0.8,1.1,.583,0.6,105,6-8,0.5,2.2,-5.85,1.6
4.3,.404,1.7,0.9,.571,0.5,23,6-3,1.6,5.0,0.48,3.0
5.2,.455,2.4,1.4,.643,0.9,58,6-8,,5.7,0.22,3.2
2.9,.439,1.3,1.1,.640,0.7,122,6-4,2.2,3.3,-7.84,3.4
,,4.4,,,2.5,17,,,11.2,-8.09,
,,,,,,,,,,-7.60,
10.1,.547,5.6,4.5,.623,2.8,27,6-8,3.8,13.9,3.23,8.4
2.0,.362,0.7,0.9,.683,0.6,47,6-2,1.4,2.0,3.63,
1.2,.321,0.4,0.4,.579,0.2,45,,0.6,1.0,7.98,0.4
5.0,.404,2.0,1.6,.773,1.2,138,6-2,1.7,6.1,-0.39,1.3
4.7,.487,2.3,1.5,.669,1.0,97,6-8,0.6,5.6,-2.57,3.1
7.5,.617,4.6,2.1,.752,1.6,134,6-9,2.7,10.8,10.03,7.4
0.3,.000,0.0,0.0,,0.0,4,,,0.0,-1.46,0.0
1.1,.273,0.3,0.0,,0.0,10,6-6,0.3,0.7,3.80,0.9
0.5,.250,0.1,0.3,.500,0.1,8,5-11,0.1,0.5,-3.45,0.3
2.0,.393,0.8,0.8,.529,0.4,42,6-9,1.6,2.2,-3.62,1.6
4.0,.150,0.6,1.4,.714,1.0,5,5-10,1.0,2.2,,
6.5,.392,2.5,2.6,.659,1.7,51,,2.1,6.8,3.31,7.3
6.9,.458,3.2,1.8,.745,1.3,58,6-5,1.3,7.6,-2.99,2.2
2.5,.250,0.6,0.1,1.000,0.1,8,6-8,0.9,1.4,6.56,1.0
0.6,.333,0.2,0.8,1.000,0.8,5,6-5,0.8,1.2,5.75,
10.7,.406,4.3,6.3,.670,4.3,92,6-4,3.0,12.9,-1.84,7.5
5.0,.403,2.0,2.1,.564,1.2,122,6-4,,5.9,6.94,2.6
5.1,.382,1.9,1.1,.922,1.0,73,6-3,1.5,6.1,-2.78,2.3
18.6,.504,9.4,3.5,.629,2.2,20,6-6,,22.0,-6.13,7.6
3.6,.333,1.2,1.1,.531,0.6,28,5-11,2.7,3.8,-3.48,1.6
4.2,.453,1.9,1.4,.670,1.0,124,6-7,2.5,5.3,-3.11,5.6
1.8,.471,0.9,0.6,.571,0.3,48,6-7,3.0,2.1,3.38,3.2
2.4,.352,0.9,0.6,.655,0.4,50,6-4,1.8,2.4,-0.14,1.4
0.8,.571,0.4,0.6,.800,0.4,9,5-10,,1.3,-7.19,0.6
5.0,.502,2.5,2.8,.751,2.1,103,6-6,2.6,7.2,6.85,6.2
12.7,.352,4.5,3.1,.642,2.0,26,,1.3,10.9,-5.04,4.3
13.1,.445,5.8,3.5,.793,2.8,122,6-3,,16.3,7.50,3.1
2.4,.426,1.0,1.1,.647,0.7,48,6-9,2.3,2.7,-0.52,2.3
9.1,.433,4.0,4.4,.770,3.4,132,5-9,2.4,12.6,-7.04,3.7
4.0,.429,1.7,1.3,.588,0.8,26,6-9,2.4,4.5,-6.25,2.3
2.0,.489,1.0,0.8,.417,0.3,48,6-8,1.3,2.2,4.41,1.9
4.5,.458,2.1,1.4,.563,0.8,88,6-7,,5.3,-1.22,4.5
2.3,.500,1.2,1.2,.706,0.8,86,6-10,2.7,3.2,1.82,3.7
7.5,.488,3.7,3.1,.639,2.0,54,6-6,2.6,9.2,-1.86,5.2
4.8,.498,2.4,1.8,.626,1.1,134,6-3,2.3,6.5,3.43,3.6
1.0,.486,0.5,1.0,.528,0.5,36,6-10,0.6,1.5,-3.69,0.9
4.8,.498,2.4,1.6,.742,1.2,114,6-11,2.3,6.0,-7.21,3.9
4.9,.510,2.5,4.5,.498,2.2,49,6-9,2.1,7.2,-8.61,6.2
1.5,.467,0.7,1.5,.467,0.7,10,6-8,,2.1,-5.78,2.2
2.8,.412,1.2,2.0,.417,0.8,6,6-9,0.8,3.3,1.15,1.8
5.7,.426,2.4,1.9,.752,1.4,76,6-9,2.2,6.3,3.62,4.4
0.7,.368,0.2,0.1,.750,0.1,29,7-4,0.3,0.7,1.35,0.4
2.6,.308,0.8,0.0,,0.0,5,6-6,0.0,2.2,1.32,0.6
2.0,.000,0.0,0.0,,0.0,1,6-1,1.0,0.0,10.66,0.0
0.3,.500,0.1,0.5,.250,0.1,8,6-6,0.4,0.4,-2.48,0.6
16.9,.486,8.2,3.7,.670,2.5,26,6-1,2.0,19.0,-6.45,3.0
8.8,.429,3.8,2.0,.762,1.5,31,6-0,1.8,9.0,-5.45,2.3
4.8,.351,1.7,1.9,.783,1.5,12,5-10,1.5,5.3,,1.4
2.6,.464,1.2,1.4,.773,1.1,32,5-10,1.2,3.5,-6.56,1.5
0.6,.000,0.0,0.0,,0.0,9,6-0,0.1,0.0,3.51,0.2
1.5,.343,0.5,1.2,.571,0.7,23,6-4,1.3,1.7,,2.2
3.8,.369,1.4,0.9,.824,0.7,106,6-2,1.0,4.7,-3.33,1.5
1.3,.329,0.4,0.6,.379,0.2,52,6-4,0.6,1.3,-1.72,1.0
0.6,.143,0.1,0.2,.500,0.1,24,6-5,0.3,0.3,-0.34,0.4
0.7,.333,0.2,0.3,.714,0.2,27,6-8,0.5,0.7,-0.66,0.7
3.3,.373,1.2,1.4,.560,0.8,18,6-0,0.3,3.2,6.96,0.7
0.0,,0.0,0.0,,0.0,7,6-4,0.1,0.0,2.84,0.0
10.9,.436,4.7,2.2,.788,1.7,47,5-11,1.1,11.2,-0.43,2.1
6.1,.453,2.8,1.8,.729,1.3,121,6-8,2.6,7.4,-5.11,3.3
5.1,.452,2.3,3.9,.808,3.2,45,6-3,2.3,7.8,,4.2
3.9,.381,1.5,0.9,.819,0.7,91,6-2,1.7,5.1,5.81,1.1
0.0,,0.0,0.0,,0.0,7,6-1,0.1,0.0,-1.40,0.1
0.7,.000,0.0,0.0,,0.0,3,,0.0,0.0,3.90,0.0
0.8,.333,0.3,0.3,.667,0.2,11,6-10,0.5,0.7,6.32,0.3
4.6,.389,1.8,2.2,.739,1.6,40,,1.2,5.2,-2.57,0.9
0.6,.000,0.0,0.0,,0.0,7,6-2,0.0,0.0,-6.68,0.4
1.8,.444,0.8,1.2,.704,0.8,85,6-5,0.7,2.4,0.73,1.8
1.0,.200,0.2,0.0,,0.0,5,6-0,0.4,0.4,-3.75,0.0
1.0,.333,0.3,0.7,.500,0.3,6,6-0,0.2,1.0,-3.75,0.5
3.1,.515,1.6,0.7,.622,0.4,55,6-9,2.0,3.6,-5.47,2.3
0.2,.000,0.0,0.8,.600,0.5,6,,0.3,0.5,-5.71,0.5
13.4,.448,6.0,4.5,.867,3.9,57,,2.7,17.1,1.84,3.3
3.1,.437,1.3,1.7,.846,1.4,23,6-0,1.8,4.1,-2.42,2.3
14.3,.456,6.5,4.2,.590,2.5,54,6-5,3.6,15.5,3.25,7.9
1.9,.327,0.6,2.4,.702,1.7,111,6-0,2.0,2.9,-5.17,0.9
6.4,.511,3.3,3.0,.728,2.2,109,6-3,2.1,9.3,-2.06,3.5
7.7,.410,3.2,2.1,.851,1.8,54,6-1,1.8,8.1,1.42,3.6
0.5,.357,0.2,0.5,.385,0.2,27,6-8,0.3,0.6,-3.72,0.7
13.9,.397,5.5,3.7,.736,2.7,111,6-2,,17.4,-3.19,2.6
2.7,.398,1.1,1.0,.447,0.4,40,6-7,1.7,2.6,-4.43,2.4
5.4,.420,2.3,2.7,.707,1.9,104,6-1,2.0,7.2,-3.47,1.6
2.9,.299,0.9,1.0,.708,0.7,49,6-3,1.2,2.4,0.05,1.5
8.5,.371,3.2,1.7,.801,1.4,108,6-1,1.5,9.5,-5.42,2.2
0.5,.000,0.0,0.0,,0.0,2,,1.0,0.0,2.93,2.0
13.2,.422,5.6,3.0,.680,2.0,75,6-3,1.8,13.2,-2.48,3.7
0.6,.000,0.0,0.4,.500,0.2,5,,0.2,0.2,3.62,0.8
5.3,.379,2.0,0.5,.833,0.5,11,6-2,0.5,5.0,-4.93,1.1
2.4,.492,1.2,0.7,.412,0.3,25,6-10,1.0,2.7,-7.80,1.5
3.7,.483,1.8,2.4,.663,1.6,113,6-5,1.7,5.2,1.61,3.3
6.8,.477,3.2,1.6,.809,1.3,29,6-7,1.9,9.4,-2.55,2.6
3.9,.534,2.1,1.9,.575,1.1,87,6-8,2.5,5.2,-1.11,2.9
4.1,.318,1.3,1.3,.583,0.7,48,6-5,1.5,3.3,0.48,3.8
8.8,.371,3.3,0.9,.639,0.5,114,6-0,1.8,8.9,-4.56,2.6
0.7,.500,0.3,0.0,,0.0,9,6-0,1.0,0.7,-7.36,0.0
1.7,.500,0.8,0.7,.543,0.4,50,5-10,1.0,2.3,-1.20,0.8
2.6,.508,1.3,2.5,.638,1.6,23,6-0,0.7,4.2,-5.65,1.1
3.1,.489,1.5,1.4,.857,1.2,15,6-3,2.3,4.6,-0.15,4.5
1.1,.350,0.4,0.5,.500,0.2,54,6-4,1.6,1.1,-9.17,2.1
,,0.6,,,0.2,15,,,1.4,1.72,
1.7,.500,0.9,0.8,.406,0.3,41,6-9,0.7,2.0,-7.33,1.4
3.3,.375,1.2,0.6,.800,0.5,32,6-10,1.3,3.2,-4.13,1.7
5.3,.502,2.7,2.2,.707,1.6,90,6-11,1.7,6.9,4.55,3.7
0.0,,0.0,0.5,.000,0.0,2,6-4,0.5,0.0,,
2.3,.338,0.8,0.3,.500,0.1,28,6-8,0.9,2.1,-1.46,1.5
0.4,.500,0.2,0.2,1.000,0.2,9,,0.2,0.9,-2.60,0.4
1.6,.494,0.8,0.8,.682,0.6,54,6-7,1.6,2.3,-3.23,2.4
2.4,.415,1.0,1.5,.640,1.0,100,6-11,1.4,2.9,2.48,2.1
1.1,.327,0.3,0.5,.458,0.2,46,6-8,0.5,0.9,-8.11,1.3
7.2,.404,2.9,1.9,.693,1.3,105,6-4,1.1,8.2,6.79,2.0
3.4,.505,1.7,2.2,.760,1.7,113,6-6,2.4,5.1,7.74,3.5
1.8,.333,0.6,0.0,,0.0,5,6-3,0.6,1.4,-2.47,0.4
0.6,.667,0.4,0.0,,0.0,5,6-6,0.2,0.8,4.26,1.6
13.5,.359,4.8,3.9,.784,3.1,56,5-10,,15.5,-1.35,3.1
7.0,.578,4.0,5.1,.769,3.9,122,6-7,2.9,12.1,-4.22,4.8
4.3,.348,1.5,1.2,.774,1.0,118,6-4,1.8,4.8,-2.25,2.5
2.7,.451,1.2,1.3,.580,0.8,53,6-2,2.1,3.2,0.67,1.5
4.9,.484,2.4,0.9,.667,0.6,33,6-7,2.0,6.4,-4.82,2.8
18.6,.490,9.1,5.2,.729,3.8,80,6-0,0.9,22.0,5.04,3.7
0.5,1.000,0.5,0.0,,0.0,2,6-4,0.0,1.0,-2.53,0.5
12.8,.426,5.5,3.8,.770,2.9,64,6-2,2.0,14.7,6.39,4.1
6.8,.442,3.0,3.5,.736,2.6,46,6-4,3.0,8.7,-1.07,7.0
2.6,.336,0.9,0.4,.550,0.2,51,6-7,,2.5,-9.01,1.4
1.5,.375,0.6,0.0,,0.0,47,6-6,0.6,1.6,-3.31,0.8
3.3,.547,1.8,1.6,.629,1.0,61,6-10,2.3,4.7,-5.11,2.9
0.0,,0.0,0.0,,0.0,1,,0.0,0.0,7.92,0.0
2.3,.525,1.2,0.6,.563,0.3,27,6-6,2.2,2.7,0.23,2.8
0.8,.333,0.3,0.5,.690,0.3,63,6-4,0.5,1.0,-0.19,0.9
1.6,.469,0.8,0.8,.652,0.5,117,6-9,1.9,2.1,8.54,1.7
4.6,.561,2.6,1.5,.743,1.1,99,6-9,,6.3,-0.60,3.6
2.5,.551,1.4,1.0,.543,0.5,96,6-9,2.6,3.2,-0.31,3.4
3.0,.398,1.2,1.2,.694,0.9,40,6-3,1.3,3.2,2.20,1.7
2.7,.353,1.0,1.1,.467,0.5,56,6-8,1.4,2.6,-4.46,1.8
0.0,,0.0,0.1,.000,0.0,7,,0.4,0.0,4.27,0.6
9.0,.410,3.7,2.5,.775,2.0,106,6-4,2.9,11.4,-2.06,2.4
3.5,.500,1.8,1.1,.632,0.7,17,,2.2,4.2,,2.0
4.7,.502,2.4,1.7,.810,1.4,62,6-3,2.2,6.1,1.38,1.9
1.9,.432,0.8,0.2,.625,0.1,46,6-2,0.6,2.1,-5.01,1.1
9.0,.426,3.8,3.1,.636,2.0,49,6-4,2.1,9.6,4.68,8.4
7.9,.467,3.7,2.9,.741,2.1,66,6-5,2.5,9.5,-0.77,5.3
10.2,.595,6.0,4.8,1.116,5.4,82,,1.8,17.5,-2.63,18.8
1.6,.382,0.6,0.8,.813,0.6,21,6-3,,2.0,-11.85,0.7
2.1,.384,0.8,0.5,.675,0.4,76,6-6,0.3,2.1,4.70,1.2
1.1,.320,0.4,0.5,.600,0.3,22,6-5,0.7,1.0,1.09,0.9
5.4,.382,2.1,0.8,.658,0.6,86,6-4,1.4,6.0,-2.28,2.2
0.3,.385,0.1,0.2,.333,0.1,49,6-8,0.6,0.3,-6.45,0.7
9.4,.383,3.6,4.3,.733,3.2,66,6-1,1.9,10.3,-3.20,4.0
0.4,.400,0.2,0.0,,0.0,12,5-9,0.8,0.3,-0.23,0.4
0.3,.000,0.0,0.0,,0.0,4,6-9,0.3,0.0,-6.48,0.0
0.9,.380,0.3,0.4,.905,0.3,55,6-0,0.9,1.3,5.22,0.8
8.6,.415,3.6,5.3,.741,3.9,47,6-0,1.4,11.0,2.27,3.0
3.9,.425,1.7,2.0,.705,1.4,99,6-4,1.4,5.1,2.04,1.7
6.6,.518,3.4,2.9,.541,1.6,99,6-6,3.4,8.5,-4.88,6.4
2.9,.400,1.2,0.6,.438,0.3,26,,1.0,2.6,-2.81,2.3
1.9,.414,0.8,0.5,.636,0.3,69,6-5,1.2,2.1,-8.07,1.2
1.4,.231,0.3,0.6,.600,0.3,9,,0.3,1.1,-6.26,0.8
11.6,.395,4.6,2.7,.688,1.8,30,6-4,3.0,11.1,-5.18,3.3
1.3,.500,0.7,0.7,1.000,0.7,3,6-1,1.3,2.0,4.27,0.7
0.2,1.000,0.2,0.0,,0.0,5,6-8,0.0,0.4,7.66,0.4
5.7,.647,3.7,3.5,.676,2.4,70,6-5,1.0,9.8,-0.18,6.2
6.4,.435,2.8,0.4,.800,0.3,39,6-4,1.6,7.5,-1.85,2.8
3.6,.517,1.9,1.3,.519,0.7,83,6-9,0.7,4.4,0.70,4.0
0.3,.000,0.0,0.0,,0.0,4,6-4,0.3,0.0,8.32,0.3
0.0,,0.0,0.0,,0.0,1,,0.0,0.0,11.37,0.0
0.6,.000,0.0,0.2,.000,0.0,5,,0.6,0.0,4.30,0.2
0.6,.400,0.3,0.5,.750,0.4,8,6-4,0.5,0.9,3.62,0.5
6.6,.436,2.9,3.2,.720,2.3,128,6-9,1.7,8.3,11.04,3.5
4.4,.393,1.7,0.9,.395,0.4,47,6-4,0.3,4.5,7.31,1.3
2.3,.267,0.6,0.5,.667,0.3,13,6-9,1.6,1.5,,1.2
1.4,.286,0.4,0.4,.667,0.3,15,6-9,0.5,1.3,-1.12,1.1
2.4,.465,1.1,1.0,.621,0.6,29,6-4,1.1,2.9,2.85,1.1
1.7,.353,0.6,1.3,.538,0.7,10,6-4,1.2,1.9,4.21,1.2
2.2,.478,1.0,1.3,.566,0.7,97,6-11,2.2,2.8,1.86,2.7
2.8,.415,1.2,1.9,.579,1.1,59,6-0,1.4,3.4,1.87,2.8
2.3,.367,0.8,1.3,.633,0.8,61,6-1,2.3,2.5,2.15,2.0
,,1.5,0.5,.818,0.4,23,,0.8,3.3,,
8.4,.390,3.3,2.1,.800,1.7,58,6-3,2.8,10.3,7.29,3.8
0.4,.286,0.1,0.5,.375,0.2,16,6-10,0.8,0.4,7.53,0.5
9.1,.392,3.6,3.7,.767,2.8,40,5-11,1.8,9.9,-3.78,1.9
,,0.8,,,1.1,17,,,2.7,0.50,
2.2,.521,1.2,1.1,.677,0.7,117,6-10,,3.0,-1.03,3.0
1.8,.000,0.0,0.0,,0.0,5,6-1,0.4,0.0,5.20,1.2
2.1,.442,0.9,0.4,.700,0.3,90,6-3,0.8,2.6,-2.18,2.0
4.8,.271,1.3,0.8,.462,0.4,49,5-10,1.6,3.0,4.32,1.1
0.7,.364,0.3,0.0,,0.0,15,6-6,0.3,0.5,2.44,0.7
0.8,.250,0.2,0.0,,0.0,5,,0.8,0.4,3.84,0.6
13.8,.469,6.5,4.3,.793,3.4,26,6-5,2.7,16.3,1.05,6.0
3.7,.490,1.8,1.4,.601,0.8,123,6-5,1.2,5.0,-0.56,2.8
0.7,.250,0.2,0.5,.333,0.2,6,6-4,0.7,0.5,-3.26,0.7
1.5,.488,0.7,0.8,.565,0.4,29,6-8,0.6,1.9,-5.38,1.3
9.3,.456,4.3,4.9,.733,3.6,112,6-8,2.5,12.2,-4.68,6.1
1.7,.000,0.0,1.3,1.000,1.3,3,,,1.3,4.48,0.0
5.0,.497,2.5,3.0,.592,1.8,106,6-8,2.3,6.7,-4.71,4.5
1.0,.429,0.4,0.6,.000,0.0,7,,0.1,0.9,1.15,0.3
6.0,.375,2.3,1.3,.800,1.1,57,5-8,1.4,7.2,-4.44,1.6
0.6,1.000,0.6,0.8,.250,0.2,5,6-9,0.2,1.4,7.97,1.6
1.0,.364,0.4,0.5,.833,0.5,11,6-6,0.8,1.2,2.91,1.4
4.5,.402,1.8,2.0,.685,1.4,74,6-3,,6.0,9.16,2.3
3.9,.474,1.8,0.5,.750,0.3,44,6-2,0.9,5.1,-1.22,2.0
9.3,.650,6.0,2.6,1.244,3.3,64,6-4,1.8,15.4,1.50,7.6
1.2,.546,0.7,1.0,.375,0.4,108,6-7,1.4,1.7,-4.03,1.4
5.8,.486,2.8,2.0,.583,1.2,24,,1.8,6.8,0.97,3.6
1.6,.500,0.8,0.5,.462,0.2,27,6-11,0.3,1.9,5.46,1.3
0.4,.143,0.1,0.3,.750,0.2,16,6-3,0.1,0.4,8.36,0.2
4.2,.380,1.6,0.5,.600,0.3,19,6-1,1.1,4.4,-5.89,0.9
3.4,.385,1.3,0.9,.663,0.6,96,6-2,1.7,3.9,2.07,1.6
2.3,.522,1.2,1.1,.500,0.6,20,6-4,1.3,3.1,-4.37,1.1
4.6,.448,2.1,1.5,.678,1.0,58,6-4,1.8,5.2,-2.10,3.2
7.7,.434,3.4,3.8,.711,2.7,68,6-5,1.7,9.4,-1.54,7.7
7.5,.425,3.2,2.0,.700,1.4,15,6-1,2.1,7.8,2.33,1.9
0.4,.500,0.2,0.4,.500,0.2,11,6-1,,0.5,-0.95,0.1
12.2,.490,6.0,4.5,.676,3.1,115,6-5,3.6,15.0,-2.80,6.3
9.7,.388,3.8,5.8,.712,4.1,45,5-9,2.7,11.6,4.89,5.1
5.4,.560,3.0,2.3,.603,1.4,115,6-8,2.6,7.5,-8.32,5.0
7.9,.523,4.1,4.2,.686,2.9,63,6-6,3.2,11.2,5.82,5.4
8.6,.400,3.4,1.4,.852,1.2,56,6-4,1.6,9.9,-3.84,3.4
7.5,.475,3.6,1.2,.737,0.9,117,6-5,1.4,9.4,12.03,3.5
1.2,.447,0.5,0.7,.714,0.5,32,6-3,,1.5,-0.62,0.8
11.3,.463,5.2,2.4,.591,1.4,18,,3.3,10.6,-11.11,7.7
10.1,.469,4.7,6.3,.788,4.9,114,6-1,2.4,14.5,-2.30,2.8
0.5,.333,0.2,0.0,,0.0,6,6-3,0.0,0.3,-4.69,0.0
2.2,.412,0.9,1.1,.552,0.6,53,6-7,1.3,2.5,-3.17,2.6
2.9,.451,1.3,0.8,.367,0.3,107,6-9,2.7,2.9,-10.13,3.7
6.7,.373,2.5,4.4,.645,2.8,80,6-6,1.7,7.8,-8.79,3.4
3.6,.429,1.6,0.6,.653,0.4,79,,1.6,4.2,2.84,1.2
2.9,.446,1.3,2.8,.648,1.8,58,6-11,1.4,4.4,-3.76,1.1
4.4,.381,1.7,0.6,.769,0.4,45,6-3,1.0,3.8,2.46,1.4
4.5,.409,1.8,1.3,.656,0.9,46,6-3,2.0,4.6,-15.43,3.3
0.2,1.000,0.2,0.0,,0.0,5,6-1,0.2,0.4,-5.89,0.0
1.5,.310,0.5,0.4,.143,0.1,19,6-10,1.5,1.0,3.46,1.4
12.2,.484,5.9,5.8,.653,3.8,82,6-4,2.0,16.4,-7.45,7.1
1.3,.333,0.4,0.6,.500,0.3,7,,0.9,1.1,-1.05,0.1
1.0,.250,0.3,0.0,,0.0,4,6-2,0.0,0.8,-8.72,0.0
8.0,.448,3.6,3.9,.615,2.4,41,6-7,3.0,9.7,7.70,5.1
8.0,.589,4.7,3.5,.660,2.3,123,6-5,2.7,12.1,-2.36,7.6
0.0,,0.0,0.0,,0.0,1,6-10,0.0,0.0,-4.96,0.0
7.3,.450,3.3,2.4,.578,1.4,79,6-9,,8.3,-0.87,4.2
7.0,.537,3.8,4.6,.614,2.8,125,6-9,2.5,10.4,7.69,6.4
4.9,.422,2.1,3.2,.674,2.2,55,6-3,1.6,6.3,-2.22,2.3
0.2,.000,0.0,0.0,,0.0,5,6-4,0.0,0.0,9.19,0.2
1.3,.667,0.9,0.7,.500,0.3,9,6-5,0.2,2.1,2.38,0.8
3.9,.450,1.8,1.5,.447,0.6,91,6-5,2.5,4.7,-1.00,4.5
7.8,.437,3.4,1.8,.683,1.2,70,6-3,,8.5,-7.34,4.3
2.3,.385,0.9,1.2,.631,0.8,54,6-5,1.0,3.0,4.54,1.0
6.2,.568,3.5,2.8,.506,1.4,62,6-9,3.4,8.4,1.58,6.9
8.3,.444,3.7,2.7,.813,2.2,62,5-11,2.0,9.5,2.00,1.9
0.3,.500,0.1,0.1,.000,0.0,8,,0.4,0.3,-0.86,0.3
2.4,.452,1.1,1.1,.524,0.6,91,6-4,0.8,2.8,4.76,1.5
4.2,.454,1.9,2.3,.604,1.4,119,6-9,2.7,5.2,9.49,6.1
0.0,,0.0,0.0,,0.0,1,6-4,,0.0,-8.36,0.0
6.2,.434,2.7,1.0,.837,0.8,124,6-4,2.4,7.4,-0.49,3.4
0.4,.333,0.1,0.3,.000,0.0,8,6-9,1.0,0.3,-4.56,0.8
10.0,.516,5.2,6.7,.856,5.7,59,6-5,2.9,16.1,6.64,6.2
1.0,.500,0.5,1.0,.500,0.5,2,6-3,0.5,1.5,-2.78,1.5
1.3,.300,0.4,1.3,.263,0.3,15,6-9,0.8,1.1,2.36,0.8
3.3,.528,1.7,0.7,.750,0.5,11,6-0,2.1,4.0,-0.53,0.5
2.8,.356,1.0,0.9,.333,0.3,16,6-8,1.5,2.5,-8.05,2.2
,,,,,,,,,,-6.18,
2.0,.200,0.4,0.8,.478,0.4,30,5-10,0.8,1.2,5.38,0.3
6.8,.437,3.0,1.7,.787,1.3,55,6-0,1.7,7.3,-4.87,1.7
3.7,.538,2.0,1.4,.789,1.1,14,6-3,,5.1,-4.62,1.4
4.6,.322,1.5,1.3,.707,0.9,32,6-6,1.8,4.8,-6.81,1.7
6.7,.408,2.7,2.0,.654,1.3,68,6-5,1.3,7.1,0.80,3.5
0.3,.000,0.0,0.3,.500,0.2,6,,0.2,0.2,5.59,0.7
1.0,.000,0.0,0.0,,0.0,1,6-6,0.0,0.0,-5.92,0.0
3.7,.381,1.4,1.9,.731,1.4,130,6-1,2.1,4.8,-5.47,2.0
11.2,.446,5.0,1.1,.676,0.7,67,,1.9,10.7,1.26,2.5
4.0,.000,0.0,0.0,,0.0,1,,1.0,0.0,-5.18,1.0
3.2,.385,1.2,0.9,.716,0.7,110,6-7,1.8,3.8,7.98,1.6
2.3,.286,0.7,,,,3,6-2,0.3,1.3,,0.7
2.9,.430,1.2,0.7,.824,0.6,94,6-3,0.8,4.1,5.02,0.8
6.6,.395,2.6,2.4,.660,1.6,106,6-6,2.4,7.7,2.56,3.8
,,0.7,,,1.2,21,,,2.7,1.97,
3.4,.362,1.2,0.8,.643,0.5,17,6-3,0.7,3.0,5.56,0.9
3.7,.473,1.8,0.5,.732,0.4,81,6-5,1.1,3.9,-0.14,1.7
6.5,.405,2.6,2.2,.715,1.6,112,6-10,0.6,8.2,-6.47,4.1
0.3,.000,0.0,0.0,,0.0,3,6-2,0.0,0.0,5.91,0.0
4.2,.312,1.3,2.4,.769,1.8,33,6-6,1.2,4.4,3.27,3.2
2.5,.367,0.9,0.4,.846,0.3,67,6-1,0.4,3.0,-4.79,0.5
0.6,.250,0.1,0.3,.500,0.1,7,6-0,0.1,0.6,-4.37,0.4
2.8,.500,1.4,1.0,.630,0.6,102,6-11,1.6,3.4,10.29,3.7
10.3,.417,4.3,1.3,.589,0.8,43,6-2,2.1,9.4,-3.88,3.1
2.3,.473,1.1,1.3,.700,0.9,104,6-11,0.8,3.2,7.32,2.1
1.4,.353,0.5,0.8,.200,0.2,24,6-4,0.6,1.3,-2.99,0.7
3.0,.286,0.9,0.9,.605,0.6,46,6-11,1.6,2.7,3.76,3.7
5.8,.622,3.6,2.1,.630,1.3,88,6-8,2.2,8.6,1.48,4.2
5.3,.474,2.5,1.9,.689,1.3,62,6-2,1.1,6.5,-5.34,2.3
2.7,.380,1.0,1.5,.600,0.9,53,6-1,0.8,3.1,0.28,1.2
0.9,.077,0.1,0.7,.300,0.2,15,6-7,1.8,0.3,-12.86,2.3
10.6,.492,5.2,2.9,.566,1.6,87,6-9,3.2,12.0,4.43,9.0
5.0,.516,2.6,4.1,.604,2.5,94,7-0,,7.7,-5.61,4.7
4.0,.539,2.1,1.4,.648,0.9,74,6-11,2.3,5.4,-3.23,4.3
2.3,.441,1.0,0.9,.635,0.5,74,6-3,0.0,2.7,-6.10,1.6
0.8,.487,0.4,0.4,.485,0.2,91,6-10,0.9,1.0,-4.21,1.4
7.6,.471,3.6,3.6,.732,2.6,55,6-6,2.7,9.8,-1.14,6.2
8.6,.363,3.1,2.6,.660,1.7,40,6-1,2.6,8.0,-3.34,3.8
8.3,.518,4.3,3.2,.681,2.2,63,6-11,2.2,11.2,7.70,6.7
1.7,.500,0.8,1.8,.667,1.2,66,5-11,,2.8,-6.68,0.9
1.9,.410,0.8,0.4,.625,0.2,42,6-6,0.6,2.1,0.67,1.1
5.1,.416,2.1,1.8,.626,1.1,67,6-4,2.4,5.4,-2.26,3.7
1.1,.111,0.1,0.3,.000,0.0,8,6-4,0.6,0.3,-5.87,1.5
3.9,.450,1.8,1.1,.763,0.8,84,6-8,2.2,4.5,-9.16,2.6
10.4,.403,4.2,1.8,.581,1.1,57,6-4,1.6,11.7,-2.92,3.8
8.5,.395,3.4,1.6,.742,1.2,120,6-6,1.9,10.0,1.04,2.5
6.4,.410,2.6,1.1,.708,0.8,44,,1.3,6.0,2.95,1.2
3.4,.564,1.9,1.1,.708,0.8,64,6-9,2.7,4.7,4.64,3.8
1.0,.000,0.0,0.0,,0.0,2,6-3,0.5,0.0,0.44,0.5
5.9,.498,2.9,2.5,.657,1.7,69,6-7,2.2,7.5,5.81,5.3
1.4,.636,0.9,0.4,.000,0.0,8,6-8,0.6,1.8,-3.36,2.9
6.1,.385,2.4,0.9,.850,0.8,22,,1.8,5.5,-5.13,1.7
16.5,.398,6.6,4.2,.811,3.4,79,6-1,2.0,19.2,-5.05,1.9
2.3,.453,1.0,1.3,.528,0.7,28,6-5,1.7,2.9,-8.80,1.8
9.0,.343,3.1,2.0,.670,1.3,46,6-7,2.5,7.5,4.71,4.3
4.5,.524,2.4,2.1,.542,1.2,61,6-8,2.5,5.9,7.04,5.9
5.4,.393,2.1,1.0,.765,0.8,98,5-10,1.2,6.3,-0.45,1.5
10.5,.540,5.7,5.7,.685,3.9,110,6-7,,15.2,-5.96,8.6
5.6,.345,1.9,2.6,.605,1.6,47,6-0,1.5,5.4,-10.55,1.3
8.9,.411,3.7,2.4,.679,1.7,86,6-2,2.5,9.0,-4.82,4.3
10.7,.409,4.4,2.4,.769,1.8,113,6-3,2.7,12.8,-0.74,2.7
1.0,.000,0.0,0.5,.000,0.0,2,6-5,0.5,0.0,-2.34,2.5
2.6,.513,1.3,1.1,.577,0.6,117,6-10,1.7,3.3,-2.20,3.1
4.5,.389,1.8,0.5,.500,0.3,4,6-4,0.3,3.8,0.36,3.8
13.6,.514,7.0,4.2,.657,2.8,114,6-7,3.2,16.8,8.37,6.2
0.3,.500,0.1,0.0,,0.0,7,6-4,0.3,0.3,9.72,0.1
7.3,.442,3.2,1.3,.792,1.0,19,6-3,2.7,7.4,1.58,1.9
6.7,.392,2.6,1.6,.812,1.3,71,6-0,1.5,7.9,-1.54,1.9
1.8,.394,0.7,1.1,.650,0.7,18,6-7,,2.2,-6.08,1.2
1.1,.583,0.6,1.5,.563,0.8,11,6-6,0.9,2.1,-3.02,1.1
12.7,.491,6.2,5.4,.803,4.3,110,6-2,2.7,16.8,6.33,3.0
2.0,.361,0.7,0.7,.718,0.5,53,5-10,0.7,2.5,-1.60,0.6
9.2,.515,4.8,2.6,.642,1.6,37,6-8,2.6,11.2,3.65,6.8
0.3,.000,0.0,0.5,1.000,0.5,8,6-2,0.6,0.5,-0.49,0.9
9.1,.317,2.9,2.3,.634,1.4,64,6-2,2.9,9.3,-1.46,2.9
9.9,.412,4.1,3.1,.629,1.9,77,,2.6,10.1,-1.89,6.6
3.1,.226,0.7,0.6,.545,0.4,17,6-2,0.7,1.9,3.86,1.3
4.0,.354,1.4,1.1,.591,0.7,124,5-10,2.0,4.4,9.22,1.5
10.9,.457,5.0,3.8,.792,3.0,95,6-8,2.4,14.5,2.60,5.8
1.2,.382,0.5,0.8,.738,0.6,74,6-1,1.0,1.6,-2.51,0.6
0.5,.345,0.2,0.3,.333,0.1,58,7-1,0.7,0.4,-6.69,0.7
0.2,.000,0.0,0.4,.250,0.1,9,6-6,0.8,0.1,2.27,0.2
2.8,.273,0.8,0.0,,0.0,4,,1.0,1.5,0.45,1.8
0.0,,0.0,0.0,,0.0,2,6-1,0.0,0.0,-8.17,0.5
3.2,.392,1.3,1.5,.714,1.1,23,6-5,1.6,3.6,-4.40,2.5
8.0,.530,4.2,3.0,.427,1.3,117,6-7,2.7,9.8,-7.01,7.6
7.5,.465,3.5,1.8,.714,1.3,121,6-2,0.8,8.2,-4.98,3.6
6.0,.411,2.5,0.7,.795,0.6,61,6-4,1.1,7.0,9.82,2.5
5.5,.504,2.8,3.5,.605,2.1,22,,5.9,7.6,,
5.8,.502,2.9,2.9,.636,1.8,53,6-7,1.7,7.7,2.80,5.2
3.9,.403,1.6,3.8,.721,2.8,16,6-6,2.2,5.9,-4.13,5.3
8.8,.371,3.3,2.3,.750,1.8,12,6-5,3.3,9.6,-1.12,3.9
5.6,.466,2.6,1.9,.696,1.3,53,6-7,2.1,6.6,-0.49,3.1
1.0,.213,0.2,0.3,.722,0.2,62,6-2,0.4,0.8,9.61,0.4
0.4,.250,0.1,0.1,1.000,0.1,28,6-8,0.5,0.3,6.59,0.5
7.6,.451,3.4,3.2,.669,2.1,132,6-7,3.1,9.7,3.21,4.7
1.5,.400,0.6,0.0,,0.0,10,,0.4,1.2,6.37,0.2
6.5,.361,2.4,1.5,.739,1.1,62,6-4,2.1,6.7,5.66,2.1
1.8,.394,0.7,0.6,.632,0.4,108,6-2,0.8,2.0,-5.27,1.3
6.5,.426,2.8,2.2,.720,1.6,73,6-8,2.6,7.0,-2.85,4.6
3.4,.531,1.8,1.0,.615,0.6,101,6-11,1.9,4.3,-0.03,2.8
1.7,.360,0.6,1.9,.643,1.2,15,,,2.4,2.47,1.3
3.6,.435,1.6,1.0,.561,0.5,43,6-5,1.1,3.7,-0.99,2.4
3.6,.413,1.5,2.3,.688,1.6,62,6-1,1.4,4.6,-0.75,2.3
7.8,.518,4.0,3.1,.678,2.1,129,6-11,2.3,10.4,2.05,6.8
4.9,.267,1.3,1.4,.667,0.9,44,5-7,1.9,3.5,-1.02,1.9
17.8,.491,8.7,4.6,.767,3.5,71,6-6,2.6,21.0,-2.26,11.0
7.1,.552,3.9,3.2,.608,2.0,66,6-9,2.1,9.8,-5.53,6.0
3.7,.556,2.1,1.1,.639,0.7,112,6-6,1.1,4.8,7.92,1.2
4.2,.495,2.1,1.0,.696,0.7,120,6-4,1.8,4.9,7.01,2.2
5.4,.624,3.4,2.1,1.185,2.5,69,,2.5,9.2,2.36,14.3
4.1,.425,1.7,0.9,.563,0.5,18,6-5,2.8,4.6,-3.68,4.6
2.0,.567,1.2,0.8,.741,0.6,33,6-9,1.5,2.9,-5.23,1.6
6.1,.366,2.2,0.7,.524,0.3,32,6-2,2.2,6.2,-2.42,2.5
7.2,.595,4.3,3.6,.676,2.4,93,6-11,,11.0,-3.76,5.9
1.1,.519,0.6,0.9,.409,0.4,25,6-6,1.2,1.5,-2.71,1.0
3.4,.439,1.5,0.8,.407,0.3,34,6-8,1.4,3.3,-2.55,3.1
3.9,.364,1.4,1.0,.491,0.5,55,,1.3,3.3,-0.91,1.6
9.0,.306,2.8,2.4,.833,2.0,28,6-10,2.5,9.4,3.27,2.5
2.1,.413,0.9,0.5,.800,0.4,38,6-4,1.0,2.6,-1.98,0.8
0.6,.200,0.1,1.2,.545,0.7,18,6-10,1.1,0.9,1.91,1.2
5.6,.407,2.3,1.9,.780,1.5,48,6-1,2.3,6.5,-4.90,3.2
1.2,.423,0.5,0.3,.714,0.2,22,6-1,0.4,1.2,9.51,0.6
15.7,.506,7.9,6.1,.637,3.9,50,,3.4,19.7,-7.72,12.8
1.4,.543,0.8,0.4,.571,0.3,32,6-10,1.3,1.8,2.74,1.3
4.9,.549,2.7,3.2,.623,2.0,127,6-11,2.0,7.3,9.38,3.9
1.7,.383,0.7,0.5,.636,0.3,47,6-3,1.0,1.6,0.45,2.3
10.3,.407,4.2,3.8,.836,3.2,127,6-2,2.5,13.7,5.58,5.2
5.4,.471,2.5,2.7,.496,1.3,126,6-5,2.7,6.4,8.74,6.4
5.3,.394,2.1,0.8,.593,0.5,109,6-6,1.5,6.2,-6.83,2.9
1.5,1.050,1.6,1.2,.438,0.5,27,,1.6,3.6,0.75,
1.0,.500,0.5,1.3,.600,0.8,4,,0.5,1.8,-6.65,1.3
2.6,.572,1.5,1.3,.629,0.8,56,6-11,,3.8,-9.01,2.4
7.2,.477,3.4,0.8,.636,0.5,42,6-3,1.6,7.4,1.06,1.3
,,,,,,,,,,-4.35,
6.6,.401,2.6,1.7,.766,1.3,113,6-8,1.2,7.9,-4.01,5.2
2.0,.377,0.7,0.6,.650,0.4,31,6-2,1.2,1.9,-2.71,1.2
2.1,.400,0.8,0.5,.526,0.3,38,6-5,0.8,2.4,-3.55,0.9
3.3,.578,1.9,1.8,.625,1.1,31,6-8,2.6,4.9,-11.46,3.6
8.5,.578,4.9,5.8,.723,4.2,50,6-2,3.2,14.1,,4.0
2.1,.289,0.6,1.3,.542,0.7,18,6-4,0.0,1.9,-5.82,1.5
5.8,.431,2.5,1.5,.633,0.9,87,6-5,0.5,6.0,-4.89,2.6
0.8,.000,0.0,0.0,,0.0,5,6-4,0.2,0.0,4.36,0.8
0.2,.000,0.0,0.0,,0.0,5,5-10,0.0,0.0,-4.13,0.0
0.0,,0.0,0.0,,0.0,1,6-3,0.0,0.0,9.27,0.0
5.3,.448,2.4,1.3,.688,0.9,96,6-6,1.8,6.2,-4.16,2.7
14.1,.432,6.1,5.2,.755,3.9,83,6-5,2.2,16.1,3.84,10.9
1.8,.464,0.8,0.6,.667,0.4,16,6-1,0.5,2.0,6.51,0.5
6.0,.446,2.7,2.6,.580,1.5,110,6-7,,7.1,7.74,4.9
7.6,.594,4.5,1.6,1.209,2.0,86,6-5,1.4,11.0,3.70,3.7
1.3,.308,0.4,0.2,.500,0.1,10,6-2,0.2,1.3,-4.20,0.4
0.8,.263,0.2,0.3,.429,0.1,23,6-0,0.6,0.6,0.76,0.6
3.7,.547,2.0,1.8,.742,1.4,108,6-9,,5.5,4.23,4.9
4.3,.481,2.1,1.6,.626,1.0,120,6-8,2.8,5.5,-1.27,4.1
1.9,.393,0.8,1.3,.811,1.0,29,,,3.0,-5.21,1.0
0.4,.000,0.0,0.3,.667,0.2,10,5-11,0.1,0.2,1.18,0.2
2.3,.403,0.9,0.4,.769,0.3,29,,1.2,2.2,-1.54,0.6
1.1,.444,0.5,1.6,.718,1.2,24,6-1,0.5,2.2,3.45,0.9
2.6,.418,1.1,0.6,.750,0.4,21,6-1,1.4,2.6,-5.31,0.8
8.4,.315,2.6,3.5,.651,2.3,73,6-5,2.2,7.6,2.10,4.2
4.3,.405,1.7,3.6,.637,2.3,134,6-6,1.8,6.0,-4.89,8.7
2.5,.503,1.3,1.7,.596,1.0,67,6-5,1.4,3.5,-3.63,2.6
0.7,.361,0.2,1.1,.678,0.7,54,6-2,1.1,1.2,3.12,0.5
0.9,.491,0.4,1.4,.518,0.7,61,6-9,0.6,1.6,-5.45,2.2
9.0,.405,3.6,2.0,.657,1.3,71,6-4,2.8,8.6,1.86,4.3
0.7,.200,0.1,0.0,,0.0,7,,,0.3,-9.81,0.6
,,4.7,3.3,.603,2.0,24,,2.9,11.4,,
4.3,.438,1.9,0.7,.725,0.5,72,6-4,1.0,4.6,-0.58,1.0
0.3,.500,0.2,0.7,.250,0.2,6,5-11,0.2,0.5,6.97,0.3
3.5,.442,1.6,1.4,.443,0.6,44,6-2,1.0,3.8,1.51,1.4
7.1,.459,3.3,2.5,.664,1.6,115,6-10,2.7,8.3,3.34,4.5
8.2,.448,3.7,2.4,.591,1.4,46,6-4,1.8,8.8,0.40,4.5
5.4,.396,2.2,2.4,.623,1.5,72,,2.1,5.8,3.58,7.0
4.9,.486,2.4,1.8,.816,1.5,64,6-4,1.5,6.2,-9.23,3.1
2.0,.500,1.0,0.0,,0.0,2,6-0,1.0,2.0,3.61,0.0
4.1,.303,1.3,1.1,.646,0.7,43,6-5,1.1,3.2,-5.37,2.2
7.1,.415,3.0,4.1,.908,3.7,29,6-4,2.2,12.0,-2.56,2.3
7.0,.469,3.3,2.8,.766,2.2,93,6-1,2.4,9.6,-2.84,3.4
1.5,.333,0.5,0.3,.500,0.2,6,,,1.2,-7.74,0.8
1.9,.398,0.8,0.2,.640,0.1,124,6-4,0.7,2.1,9.77,1.1
3.0,.167,0.5,0.5,.500,0.3,4,,2.8,1.3,-3.35,1.3
0.4,.429,0.2,0.3,.600,0.2,16,,0.2,0.6,4.42,0.4
7.0,.376,2.6,1.5,.742,1.1,65,6-3,1.7,6.3,0.75,2.9
3.9,.599,2.4,2.3,.463,1.0,113,7-1,2.6,5.8,2.76,3.9
9.2,.360,3.3,3.9,.673,2.6,67,6-6,2.7,9.2,4.46,7.5
0.8,.333,0.3,0.0,,0.0,4,6-9,0.3,0.5,-3.34,0.5
1.0,.000,0.0,0.0,,0.0,1,,0.0,0.0,-4.09,1.0
13.8,.472,6.5,4.6,.727,3.4,74,6-3,2.4,16.4,-1.30,7.8
1.2,.167,0.2,0.6,.000,0.0,5,6-3,0.6,0.4,3.85,
1.1,.545,0.6,0.6,.833,0.5,10,5-11,0.7,1.7,2.43,0.5
3.7,.426,1.6,0.9,.457,0.4,49,6-6,1.5,3.6,6.09,2.4
0.0,,0.0,0.0,,0.0,4,6-5,0.0,0.0,8.88,0.0
0.3,.000,0.0,0.0,,0.0,3,,0.0,0.0,-5.51,0.0
1.6,.371,0.6,0.5,.488,0.2,82,6-3,0.2,1.7,-5.63,0.7
1.4,.286,0.4,0.0,,0.0,5,6-4,0.0,1.0,0.08,1.0
0.8,.167,0.1,0.6,.400,0.3,8,6-6,0.1,0.5,1.11,0.3
9.4,.438,4.1,2.2,.432,0.9,17,6-3,3.2,9.2,-1.19,5.4
4.0,.559,2.2,1.6,.511,0.8,28,6-10,3.2,5.7,-3.95,3.6
,,,,.500,,,,,,,
4.2,.493,2.1,2.9,.714,2.0,114,6-8,2.4,6.2,7.77,3.4
,,0.9,0.8,.625,0.5,20,,0.9,2.2,,
1.1,.211,0.2,0.4,.571,0.2,17,6-8,0.8,0.7,1.98,1.6
1.4,.333,0.5,0.6,.667,0.4,24,6-0,1.0,1.3,0.14,0.4
1.7,.466,0.8,0.8,.690,0.6,51,6-8,1.5,2.2,5.95,1.7
12.5,.309,3.9,3.9,.613,2.4,40,6-2,2.4,10.1,1.20,
2.3,.571,1.3,0.0,,0.0,3,6-5,1.7,3.0,1.92,1.0
8.7,.323,2.8,2.2,.624,1.4,38,,,7.0,-5.95,3.6
0.4,.231,0.1,0.5,.333,0.2,30,6-4,0.4,0.4,3.70,0.5
4.6,.297,1.4,1.4,.444,0.6,20,6-3,2.8,3.3,5.74,2.0
6.7,.492,3.3,1.1,.571,0.6,19,,2.8,7.3,-4.18,5.1
0.8,.000,0.0,0.5,1.000,0.5,4,6-3,0.3,0.5,-4.21,0.5
1.5,.667,1.0,0.8,.667,0.5,4,5-9,0.3,2.8,6.98,0.5
3.5,.432,1.5,1.2,.625,0.7,69,7-0,2.1,3.8,-4.28,3.2
3.2,.293,0.9,0.7,.444,0.3,13,6-1,1.0,2.2,-0.73,1.9
3.3,.396,1.3,1.3,.500,0.6,43,6-3,1.7,3.4,4.68,3.7
0.3,.500,0.2,1.0,.167,0.2,6,,0.3,0.5,0.05,0.2
2.6,.359,0.9,0.9,.682,0.6,25,,1.3,2.4,2.84,
3.5,.379,1.3,1.4,.590,0.8,100,6-11,,3.4,2.40,3.1
1.6,.425,0.7,1.2,.387,0.5,25,6-6,1.2,1.8,-3.41,2.9
6.6,.410,2.7,1.1,.741,0.8,128,6-5,1.6,8.3,-4.61,2.3
4.2,.457,1.9,3.7,.619,2.3,80,6-4,2.6,6.1,1.77,6.9
5.6,.459,2.6,2.0,.626,1.2,74,6-8,3.0,6.4,2.57,6.5
8.4,.486,4.1,3.4,.772,2.6,111,6-9,2.9,11.6,4.05,5.5
6.4,.475,3.1,2.3,.621,1.4,97,6-9,2.5,7.5,5.43,5.3
0.8,.394,0.3,0.7,.484,0.3,43,6-7,,1.0,-5.72,1.0
8.4,.397,3.3,3.5,.831,2.9,94,6-2,1.7,10.9,-4.55,3.7
2.2,.511,1.1,1.6,.609,1.0,42,6-7,2.3,3.3,4.20,3.0
1.3,.427,0.6,0.9,.438,0.4,56,6-10,0.6,1.5,-0.35,1.3
5.7,1.259,7.2,6.3,.808,5.1,72,6-4,3.2,19.4,-6.68,19.0
2.1,.505,1.0,1.0,.755,0.8,48,7-1,1.8,2.9,7.94,1.9
0.2,.000,0.0,0.5,.571,0.3,13,7-1,0.8,0.3,-2.07,0.5
3.1,.360,1.1,0.3,.500,0.1,8,6-4,1.0,3.0,2.86,0.8
8.9,.365,3.3,3.8,.726,2.7,84,5-11,2.9,9.2,5.32,3.6
0.1,1.000,0.1,0.0,,0.0,25,6-0,0.0,0.2,4.28,0.1
7.2,.523,3.8,4.5,.716,3.2,30,6-10,2.7,11.3,6.64,9.0
5.3,.402,2.1,1.6,.720,1.1,74,5-10,1.4,6.3,0.16,1.5
1.1,.375,0.4,0.4,.792,0.3,67,6-1,1.1,1.2,8.83,0.8
3.3,.413,1.4,0.9,.732,0.6,47,6-7,1.5,4.1,1.65,2.2
0.0,,0.0,0.0,,0.0,1,6-1,0.0,0.0,-2.24,0.0
1.0,.300,0.3,0.5,.600,0.3,10,6-1,0.4,0.9,,
4.7,.409,1.9,1.2,.754,0.9,47,6-2,1.7,4.7,8.07,2.6
1.2,.483,0.6,0.5,.500,0.3,74,6-8,0.4,1.4,-3.73,0.7
4.6,.702,3.2,3.9,.614,2.4,65,6-1,1.7,8.8,-5.53,4.8
0.6,.333,0.2,0.2,1.000,0.2,10,5-8,0.1,0.7,4.04,0.0
2.0,.449,0.9,0.7,.704,0.5,39,6-6,2.2,2.4,-0.37,2.5
3.5,.229,0.8,0.6,1.000,0.6,10,6-3,0.8,2.2,6.02,0.7
5.1,.359,1.8,1.0,.500,0.5,23,6-5,3.0,4.2,4.49,3.3
0.0,,0.0,0.0,,0.0,4,6-6,0.0,0.0,-7.86,0.0
3.0,.379,1.1,0.8,.639,0.5,47,6-4,1.3,2.7,1.58,1.0
1.0,.528,0.5,0.4,.682,0.3,54,6-7,0.9,1.3,-3.04,0.9
4.3,.542,2.3,2.4,.656,1.6,138,6-11,3.2,6.3,8.10,6.4
5.4,.528,2.8,3.0,.619,1.9,76,6-8,2.7,7.6,2.74,8.3
6.1,.446,2.7,2.0,.857,1.7,127,6-3,1.6,8.7,7.35,2.8
3.3,.417,1.4,1.0,.564,0.6,95,6-8,1.9,3.9,10.74,2.0
4.9,.462,2.3,1.8,.729,1.3,92,6-7,2.1,5.8,-1.55,4.4
0.8,.509,0.4,0.5,.590,0.3,72,7-1,0.7,1.1,-2.27,1.2
13.4,.435,5.8,3.3,.811,2.6,75,,2.5,14.3,3.84,6.2
0.5,.000,0.0,1.0,.500,0.5,2,,0.0,0.5,5.78,0.5
2.7,.363,1.0,0.2,.357,0.1,63,6-6,1.3,2.6,-2.15,1.7
11.6,.432,5.0,6.0,.657,3.9,41,,3.0,13.9,4.77,8.6
0.0,,0.0,0.2,.500,0.1,9,,0.2,0.1,-7.12,0.6
0.8,.397,0.3,0.3,.696,0.2,79,6-7,1.1,0.9,8.55,0.9
3.4,.452,1.5,0.6,.517,0.3,92,6-7,1.8,3.5,-2.76,2.2
0.0,,0.0,0.0,,0.0,1,6-8,0.0,0.0,3.40,1.0
12.1,.532,6.4,4.3,.717,3.1,57,6-8,2.8,16.0,2.38,7.2
3.1,.439,1.3,0.6,.684,0.4,88,6-9,1.9,3.2,-3.73,2.3
6.6,.520,3.4,4.1,.645,2.6,110,6-10,2.5,9.5,3.99,5.8
5.5,.378,2.1,0.7,.600,0.4,38,6-3,1.3,5.1,-2.64,1.9
0.5,.333,0.2,0.1,.333,0.0,30,6-2,0.1,0.4,6.64,0.2
2.8,.364,1.0,0.2,1.000,0.2,36,6-5,0.9,2.8,-1.21,1.0
9.9,.584,5.8,5.5,.703,3.9,111,6-7,2.9,15.4,3.79,8.6
8.0,.409,3.3,2.4,.586,1.4,63,6-3,2.5,9.2,4.76,3.7
4.4,.469,2.1,1.1,.594,0.7,61,6-7,2.3,5.8,-4.58,3.6
0.7,.500,0.4,0.3,.875,0.2,30,6-6,0.1,1.0,8.81,0.8
1.8,.315,0.6,1.1,.656,0.7,60,6-4,1.2,1.8,3.99,2.3
9.5,.472,4.5,4.4,.723,3.2,119,6-9,2.6,12.9,1.11,5.9
1.0,.596,0.6,0.6,.581,0.4,49,7-0,0.9,1.5,10.80,1.6
11.4,.391,4.5,4.1,.848,3.4,65,5-11,2.6,12.4,-2.43,3.0
2.6,.385,1.0,1.1,.472,0.5,99,6-11,2.2,2.6,-6.46,2.5
,,,,,,,,,,-2.11,
11.2,.405,4.5,3.1,.815,2.5,119,6-7,1.6,13.9,1.93,4.4
7.4,.424,3.2,1.2,.613,0.7,52,6-2,2.0,7.0,-7.00,2.9
1.0,.267,0.3,0.3,.400,0.1,15,6-7,,0.7,-1.09,0.6
0.8,.372,0.3,0.8,.463,0.4,53,7-2,,1.0,9.84,0.9
0.2,.000,0.0,0.3,1.000,0.3,6,6-3,0.0,0.3,1.30,0.2
5.8,.491,2.8,1.8,.653,1.2,93,7-0,2.7,6.8,4.99,4.4
9.7,.558,5.4,4.7,.512,2.4,63,6-10,3.6,13.2,7.06,9.5
4.5,.266,1.2,1.8,.622,1.1,41,6-2,2.3,3.5,-2.14,4.2
,,,,,,0,6-6,,,-3.53,
4.1,.374,1.5,1.7,.636,1.1,26,6-8,2.0,4.3,3.28,2.8
0.4,.333,0.1,0.3,1.000,0.3,8,6-11,0.3,0.5,-2.25,0.0
0.4,.750,0.3,0.3,.000,0.0,18,7-1,0.1,0.7,9.04,0.3
1.7,.459,0.8,1.1,.684,0.7,35,7-1,1.4,2.3,1.02,1.5
8.3,.509,4.2,2.9,.746,2.2,87,6-10,2.4,11.1,7.86,8.0
1.3,.386,0.5,0.4,.692,0.3,33,7-1,0.9,1.3,0.85,1.4
4.0,.469,1.9,2.0,.625,1.3,8,6-9,1.0,5.1,-0.25,2.6
2.4,.471,1.1,0.9,.583,0.5,14,6-10,1.2,2.8,-6.95,2.6
1.5,.333,0.5,0.0,,0.0,2,6-3,0.0,1.0,-5.28,4.0
1.4,.500,0.7,0.5,.700,0.4,19,6-9,1.1,1.8,-3.54,1.4
7.8,.563,4.4,3.6,.498,1.8,64,6-11,0.5,10.6,-3.68,5.7
1.4,.231,0.3,0.4,1.000,0.4,9,6-9,0.2,1.2,5.27,0.4
4.1,.378,1.6,0.8,.793,0.6,38,5-10,1.2,3.7,-5.01,0.8
3.9,.443,1.7,1.2,.630,0.8,84,,2.5,4.2,-3.05,3.5
0.8,.000,0.0,0.0,,0.0,5,6-9,0.4,0.0,-8.05,0.4
1.1,.483,0.5,,.658,,55,6-9,0.5,1.5,1.19,1.2
9.7,.387,3.8,4.4,.628,2.8,73,,2.8,10.3,2.63,4.9
0.8,.000,0.0,0.0,,0.0,4,6-6,0.3,0.0,3.43,0.5
3.6,.490,1.8,1.5,.732,1.1,54,6-8,2.6,4.9,2.22,3.7
4.0,.453,1.8,1.1,.565,0.6,78,6-7,2.0,4.2,-9.03,4.2
,,,,,,,,,,,
4.2,.536,2.2,1.5,.698,1.0,106,6-9,,5.5,-0.21,3.3
,.250,,,1.000,,,,,,,
7.7,.508,3.9,4.3,.731,3.2,25,6-2,5.0,11.0,4.67,
10.5,.478,5.0,2.8,.755,2.2,112,6-8,2.5,14.1,6.21,3.5
4.1,.419,1.7,1.3,.494,0.6,62,6-6,1.4,4.2,-3.38,2.9
2.1,.327,0.7,0.3,.857,0.2,25,6-4,0.6,1.9,-1.27,1.0
1.2,.478,0.6,0.7,.786,0.6,19,,0.3,1.7,-7.68,0.3
4.1,.477,2.0,1.8,.766,1.4,43,6-5,1.8,5.3,-2.73,3.3
0.3,.000,0.0,0.0,,0.0,3,6-1,0.0,0.0,0.65,0.0
7.8,.414,3.2,3.4,.703,2.4,90,6-7,,10.2,0.68,4.1
